Organisationsnr,Namn,PostAdress,PostNr,PostOrt,BesöksAdress,BesöksPostNr,BesöksPostOrt,Tfn,Fax,Epost,Webbadress,SFS,orgnr_norm,wikidata,wd_item,wd_label,wd_website,avvik_namn,post_webb,wd_webb_norm,avvik_webb,matched_in_wikidata
202100-5943,Alkoholsortimentsnämnden,Box 2218,103 15,STOCKHOLM,,000 00,STOCKHOLM,087000800,,registratur@kammarkollegiet.se,www.kammarkollegiet.se/alkoholsortimentsnamnden,2007:1216,202100-5943,,,,,True,www.kammarkollegiet.se/alkoholsortimentsnamnden,,True,False
202100-3625,ALLMÄNNA REKLAMATIONSNÄMNDEN,BOX 174,101 23,STOCKHOLM,Sveavägen 31,111 34,STOCKHOLM,0850886000,,arn@arn.se,www.arn.se,2015:739,202100-3625,,,,,True,www.arn.se,,True,False
202100-6834,Ansvarsnämnden för djurens hälso- och sjukvård,BOX 322,551 15,JÖNKÖPING,Vallgatan 8,553 16,JÖNKÖPING,036155853,,vetansvar@jordbruksverket.se,www.vetansvar.se,2009:302,202100-6834,,,,,True,www.vetansvar.se,,True,False
202100-2114,ARBETSFÖRMEDLINGEN,,107 67,STOCKHOLM,ELEKTROGATAN 4,171 54,SOLNA,0771600053,,registrator@arbetsformedlingen.se,www.arbetsformedlingen.se,2022:811,202100-2114,,,,,True,www.arbetsformedlingen.se,,True,False
202100-3476,ARBETSGIVARVERKET,Mäster Samuelsgatan 60  9 tr,111 21,STOCKHOLM,Mäster Samuelsgatan 60,111 21,STOCKHOLM,,,registrator@arbetsgivarverket.se,www.arbetsgivarverket.se,2007:829,202100-3476,,,,,True,www.arbetsgivarverket.se,,True,False
202100-2148,ARBETSMILJÖVERKET,BOX 9082,171 09,SOLNA,SVETSARVÄGEN 12  2TR,171 41,SOLNA,0107309000,,arbetsmiljoverket@av.se,www.av.se,2007:913,202100-2148,,,,,True,www.av.se,,True,False
202100-5950,Arvfondsdelegationen,BOX 2218,103 15,STOCKHOLM,Slottsbacken 6,111 30,STOCKHOLM,087000800,,info@arvsfonden.se,www.arvsfonden.se,2021:403,202100-5950,,,,,True,www.arvsfonden.se,,True,False
202100-3690,BARNOMBUDSMANNEN,BOX 22106,104 22,STOCKHOLM,LINDHAGENSGATAN 126,112 51,STOCKHOLM,086922950,,info@barnombudsmannen.se,www.barnombudsmannen.se,2007:1021,202100-3690,,,,,True,www.barnombudsmannen.se,,True,False
202100-4011,BLEKINGE TEKNISKA HÖGSKOLA,,371 79,KARLSKRONA,VALHALLAVÄGEN 1,371 41,KARLSKRONA,0455385000,,registrator@bth.se,www.bth.se,1993:100,202100-4011,,,,,True,www.bth.se,,True,False
202100-3278,BOKFÖRINGSNÄMNDEN,BOX 7849,103 99,STOCKHOLM,Sveavägen 44,111 34,STOCKHOLM,0840898990,,bfn@bfn.se,www.bfn.se,2017:153,202100-3278,,,,,True,www.bfn.se,,True,False
202100-5489,BOLAGSVERKET,,851 81,SUNDSVALL,STUVARVÄGEN 21,852 29,SUNDSVALL,0771670670,,bolagsverket@bolagsverket.se,www.bolagsverket.se,2007:1110,202100-5489,,,,,True,www.bolagsverket.se,,True,False
202100-3989,BOVERKET,BOX 534,371 23,KARLSKRONA,Skeppsbrokajen 16,371 33,KARLSKRONA,,,registraturen@boverket.se,www.boverket.se,2022:208,202100-3989,,,,,True,www.boverket.se,,True,False
202100-0068,BROTTSFÖREBYGGANDE RÅDET,BOX 1386,111 93,STOCKHOLM,FLEMINGGATAN 14,112 26,STOCKHOLM,0852758400,,registrator@bra.se,www.bra.se,2016:1201,202100-0068,,,,,True,www.bra.se,,True,False
202100-3435,BROTTSOFFERMYNDIGHETEN,BOX 470,901 09,UMEÅ,STORGATAN 49,903 26,UMEÅ,090708200,,registrator@brottsoffermyndigheten.se,www.brottsoffermyndigheten.se,2007:1171,202100-3435,,,,,True,www.brottsoffermyndigheten.se,,True,False
202100-6909,CENTRALA DJURFÖRSÖKSETISKA NÄMNDEN,,551 82,JÖNKÖPING,,000 00,JÖNKÖPING,,,infoCDFN@jordbruksverket.se,www.cdfn.se,1988:539,202100-6909,,,,,True,www.cdfn.se,,True,False
202100-1819,CENTRALA STUDIESTÖDSNÄMNDEN,,851 82,SUNDSVALL,NORRA TJÄRNGATAN 2,852 33,SUNDSVALL,060186000,,registrator@csn.se,www.csn.se,2017:1114,202100-1819,,,,,True,www.csn.se,,True,False
202100-6842,Delegationen för folkrättslig granskning av vapenprojekt,,103 33,STOCKHOLM,,000 00,STOCKHOLM,,,,,2007:936,202100-6842,,,,,True,,,False,False
202100-6073,Diskrimineringsombudsmannen,Box 4057,169 04,SOLNA,Råsundavägen 18,169 67,SOLNA,,,do@do.se,www.do.se,2008:1401,202100-6073,,,,,True,www.do.se,,True,False
202100-6081,Domarnämnden,BOX 2330,103 18,STOCKHOLM,BIRGER JARLS TORG 5,111 28,STOCKHOLM,0856166950,,domarnamnden@dom.se,www.domstol.se/domarnamnden,2010:1793,202100-6081,,,,,True,www.domstol.se/domarnamnden,,True,False
202100-6552,E-hälsomyndigheten,Box 913,391 29,KALMAR,SÖDRA LÅNGGATAN 60,392 31,KALMAR,0104586200,,registrator@ehalsomyndigheten.se,www.ehalsomyndigheten.se,2013:1031,202100-6552,,,,,True,www.ehalsomyndigheten.se,,True,False
202100-4979,EKOBROTTSMYNDIGHETEN,BOX 22098,104 22,STOCKHOLM,Hantverkargatan 11,112 21,STOCKHOLM,0105629000,,huvudregistrator@ekobrottsmyndigheten.se,www.ekobrottsmyndigheten.se,2015:744,202100-4979,,,,,True,www.ekobrottsmyndigheten.se,,True,False
202100-5026,EKONOMISTYRNINGSVERKET,BOX 12028,102 21,STOCKHOLM,Fleminggatan 20,112 26,STOCKHOLM,086904300,,registrator@esv.se,www.esv.se,2016:1023,202100-5026,,,,,True,www.esv.se,,True,False
202100-4466,ELSÄKERHETSVERKET,BOX 4,681 21,KRISTINEHAMN,Nya kyrkogatan 18 B,681 31,KRISTINEHAMN,0101680500,,registrator@elsakerhetsverket.se,www.elsakerhetsverket.se,2007:1121,202100-4466,,,,,True,www.elsakerhetsverket.se,,True,False
202100-5695,Energimarknadsinspektionen,BOX 155,631 03,ESKILSTUNA,Libergsgatan 6,632 21,ESKILSTUNA,016162700,,registrator@ei.se,www.ei.se,2016:742,202100-5695,,,,,True,www.ei.se,,True,False
202100-6925,ETIKPRÖVNINGSMYNDIGHETEN,Box 2110,750 02,UPPSALA,DROTTNINGGATAN 7,752 37,UPPSALA,0104750800,,registrator@etikprovning.se,www.etikprovning.se,2018:1879,202100-6925,,,,,True,www.etikprovning.se,,True,False
202100-2098,EXPORTKREDITNÄMNDEN,BOX 3064,103 61,STOCKHOLM,KUNGSGATAN 36,111 35,STOCKHOLM,087880000,,info@ekn.se,www.ekn.se,2007:1217,202100-2098,,,,,True,www.ekn.se,,True,False
202100-4870,FASTIGHETSMÄKLARINSPEKTIONEN,BOX 5045,650 05,KARLSTAD,VÅXNÄSGATAN 10,653 40,KARLSTAD,0104900100,,registrator@fmi.se,www.fmi.se,2009:606,202100-4870,,,,,True,www.fmi.se,,True,False
202100-0043,FIDEIKOMMISSNÄMNDEN,BOX 2218,103 15,STOCKHOLM,,,,087000800,,registratur@kammarkollegiet.se,www.kammarkollegiet.se/om-oss/kammarkollegiets-uppgifter/kammarkollegiets-stod-till-andra-myndigheter/fideikommissnamnden,2007:1074,202100-0043,,,,,True,www.kammarkollegiet.se/om-oss/kammarkollegiets-uppgifter/kammarkollegiets-stod-till-andra-myndigheter/fideikommissnamnden,,True,False
202100-4235,FINANSINSPEKTIONEN,BOX 7821,103 97,STOCKHOLM,Sveavägen 44,111 34,STOCKHOLM,0840898000,,finansinspektionen@fi.se,www.fi.se,2023:910,202100-4235,,,,,True,www.fi.se,,True,False
202100-5687,FINANSPOLITISKA RÅDET,Box 3273,103 65,STOCKHOLM,Fleminggatan 7,112 26,STOCKHOLM,084535990,,info@fpr.se,www.fpr.se,2011:446,202100-5687,,,,,True,www.fpr.se,,True,False
202100-5380,FOLKE BERNADOTTEAKADEMIN,Box 27068,102 51,STOCKHOLM,Sandövägen 1,872 64,SANDÖVERKEN,0104562300,,info@fba.se,www.fba.se,2024:1026,202100-5380,,,,,True,www.fba.se,,True,False
202100-6545,Folkhälsomyndigheten,,171 82,SOLNA,NOBELS VÄG 18,171 65,SOLNA,0102052000,,info@folkhalsomyndigheten.se,www.folkhalsomyndigheten.se,2021:248,202100-6545,,,,,True,www.folkhalsomyndigheten.se,,True,False
202100-7030,FONDTORGSNÄMNDEN,BOX 38040,100 64,STOCKHOLM,Bruksvägen 11,147 43,TUMBA,0104598500,,registrator@ftn.se,www.ftn.se,2022:764,202100-7030,,,,,True,www.ftn.se,,True,False
202100-5893,Forskarskattenämnden,Box 24144,104 51,STOCKHOLM,Karlavägen 108,115 26,STOCKHOLM,0105747957,,kansliet@forskarskattenamnden.se,www.forskarskattenamnden.se,2007:786,202100-5893,,,,,True,www.forskarskattenamnden.se,,True,False
202100-5232,"FORSKNINGSRÅDET F MILJÖ, AREELLA NÄRINGAR OCH SAMHÄLLSBYGGANDE",BOX 1206,111 82,STOCKHOLM,DROTTNINGGATAN 89,113 60,STOCKHOLM,087754000,,registrator@formas.se,www.formas.se,2009:1024,202100-5232,,,,,True,www.formas.se,,True,False
202100-5240,"FORSKNINGSRÅDET FÖR HÄLSA, ARBETSLIV OCH VÄLFÄRD",MAGNUS LADULÅSGATAN 65,118 27,STOCKHOLM,MAGNUS LADULÅSGATAN 65,118 27,STOCKHOLM,087754070,,forte@forte.se,www.forte.se,2007:1431,202100-5240,,,,,True,www.forte.se,,True,False
202100-4607,FORTIFIKATIONSVERKET,,631 89,ESKILSTUNA,KUNGSGATAN 43,632 17,ESKILSTUNA,,,fortv@fortifikationsverket.se,www.fortifikationsverket.se,2007:758,202100-4607,,,,,True,www.fortifikationsverket.se,,True,False
202100-5356,FORUM FÖR LEVANDE HISTORIA,Box 2123,103 13,STOCKHOLM,Stora Nygatan 10-12,111 27,STOCKHOLM,087238750,,info@levandehistoria.se,www.levandehistoria.se,2007:1197,202100-5356,,,,,True,www.levandehistoria.se,,True,False
202100-0340,FÖRSVARETS MATERIELVERK,,115 88,STOCKHOLM,BANÉRGATAN 62,115 53,STOCKHOLM,087824000,,registrator@fmv.se,www.fmv.se,2007:854,202100-0340,,,,,True,www.fmv.se,,True,False
202100-0365,FÖRSVARETS RADIOANSTALT,BOX 301,161 26,BROMMA,RÖRBYVÄGEN 20,178 93,DROTTNINGHOLM,0105574600,,fra@fra.se,www.fra.se,2025:237,202100-0365,,,,,True,www.fra.se,,True,False
202100-4730,FÖRSVARSHÖGSKOLAN,BOX 27805,115 93,STOCKHOLM,DROTTNING KRISTINAS VÄG 37,114 28,STOCKHOLM,0855342500,,registrator@fhs.se,www.fhs.se,2007:1164,202100-4730,,,,,True,www.fhs.se,,True,False
202100-4615,FÖRSVARSMAKTEN,,107 85,STOCKHOLM,Lidingövägen 24,115 57,STOCKHOLM,087887500,,exp-hkv@mil.se,www.forsvarsmakten.se,2024:1333,202100-4615,,,,,True,www.forsvarsmakten.se,,True,False
202100-5521,FÖRSÄKRINGSKASSAN,BOX 42006,126 12,STOCKHOLM,LM ERICSSONS VÄG 28,126 26,HÄGERSTEN,087869000,,huvudkontoret@forsakringskassan.se,www.forsakringskassan.se,2009:1174,202100-5521,,,,,True,www.forsakringskassan.se,,True,False
202100-4813,GENTEKNIKNÄMNDEN,BOX 1035,101 38,STOCKHOLM,,,,08271254,,genteknik@genteknik.se,www.genteknik.se,2007:1075,202100-4813,,,,,True,www.genteknik.se,,True,False
202100-6859,Granskningsnämnden för försvarsuppfinningar,,103 33,STOCKHOLM,,000 00,STOCKHOLM,,,,,2007:855,202100-6859,,,,,True,,,False,False
202100-4334,Gymnastik- och idrottshögskolan (GIH),BOX 5626,114 86,STOCKHOLM,LIDINGÖVÄGEN 1,114 33,STOCKHOLM,0812053700,,registrator@gih.se,www.gih.se,1993:100,202100-4334,,,,,True,www.gih.se,,True,False
202100-3153,GÖTEBORGS UNIVERSITET,,405 30,GÖTEBORG,UNIVERSITETSPLATSEN 1  Vasaparken,411 24,GÖTEBORG,0317860000,,,www.gu.se,1993:100,202100-3153,,,,,True,www.gu.se,,True,False
202100-4250,HARPSUNDSNÄMNDEN,HARPSUND,642 63,MELLÖSA,HARPSUND,642 63,MELLÖSA,015760003,,christoffer@harpsund.se,www.harpsund.se,2007:1227,202100-4250,,,,,True,www.harpsund.se,,True,False
202100-6420,HAVS- OCH VATTENMYNDIGHETEN,BOX 11930,404 39,GÖTEBORG,GULLBERGS STRANDGATA 15,411 04,GÖTEBORG,0106986000,,havochvatten@havochvatten.se,www.havochvatten.se,2011:619,202100-6420,,,,,True,www.havochvatten.se,,True,False
202100-3765,HÄLSO- & SJUKVÅRDENS ANSVARSNÄMND,,106 30,STOCKHOLM,,,,0752473000,,socialstyrelsen@socialstyrelsen.se,www.hsan.se,2011:582,202100-3765,,,,,True,www.hsan.se,,True,False
202100-2908,HÖGSKOLAN DALARNA,,791 88,FALUN,HÖGSKOLEGATAN 2,791 31,FALUN,023778000,,registrator@du.se,www.du.se,1993:100,202100-2908,,,,,True,www.du.se,,True,False
202100-3138,HÖGSKOLAN I BORÅS,,501 90,BORÅS,ALLÉGATAN 1,503 32,BORÅS,0334354000,,registrator@hb.se,www.hb.se,1993:100,202100-3138,,,,,True,www.hb.se,,True,False
202100-2890,HÖGSKOLAN I GÄVLE,,801 76,GÄVLE,KUNGSBÄCKSVÄGEN 47,802 67,GÄVLE,026648500,,registrator@hig.se,www.hig.se,1993:100,202100-2890,,,,,True,www.hig.se,,True,False
202100-3203,HÖGSKOLAN I HALMSTAD,BOX 823,301 18,HALMSTAD,KRISTIAN IV:S VÄG 3,302 50,HALMSTAD,,,registrator@hh.se,www.hh.se,1993:100,202100-3203,,,,,True,www.hh.se,,True,False
202100-3146,HÖGSKOLAN I SKÖVDE,BOX 408,541 28,SKÖVDE,HÖGSKOLEVÄGEN 1,549 55,SKÖVDE,0500448000,,registrator@his.se,www.his.se,1993:100,202100-3146,,,,,True,www.his.se,,True,False
202100-3195,HÖGSKOLAN KRISTIANSTAD,,291 88,KRISTIANSTAD,ELMETORPSVÄGEN 15,291 39,KRISTIANSTAD,0442503000,,info@hkr.se,www.hkr.se,1993:100,202100-3195,,,,,True,www.hkr.se,,True,False
202100-4052,HÖGSKOLAN VÄST,,461 86,TROLLHÄTTAN,GUSTAVA MELINS GATA 2,461 32,TROLLHÄTTAN,0520223000,,registrator@hv.se,www.hv.se,1993:100,202100-4052,,,,,True,www.hv.se,,True,False
202100-6867,Högskolans avskiljandenämnd,BOX 6028,121 06,JOHANNESHOV,HAMMARBYBACKEN 31,121 06,JOHANNESHOV,0856308700,,han@han.se,www.han.se,2007:990,202100-6867,,,,,True,www.han.se,,True,False
202100-5877,ILO-KOMMITTÉN,,103 33,STOCKHOLM,Fredsgatan 8,111 52,STOCKHOLM,084051000,,a.ilo-kommitten@regeringskansliet.se,www.svenskailo-kommitten.se,1977:987,202100-5877,,,,,True,www.svenskailo-kommitten.se,,True,False
202100-5414,INSPEKTIONEN FÖR ARBETSLÖSHETSFÖRSÄKRING,BOX 210,641 22,KATRINEHOLM,KÖPMANGATAN 2,641 30,KATRINEHOLM,,,iaf@iaf.se,www.iaf.se,2007:906,202100-5414,,,,,True,www.iaf.se,,True,False
202100-6248,INSPEKTIONEN FÖR SOCIALFÖRSÄKRINGEN,BOX 1056,405 22,GÖTEBORG,Lilla bommen 1,411 04,GÖTEBORG,0101741500,,registrator@isf.se,www.isf.se,2009:602,202100-6248,,,,,True,www.isf.se,,True,False
202100-4912,INSPEKTIONEN FÖR STRATEGISKA PRODUKTER,BOX 6086,171 06,SOLNA,VRETENVÄGEN 13 B,171 54,SOLNA,,,registrator@isp.se,www.isp.se,2010:1101,202100-4912,,,,,True,www.isp.se,,True,False
202100-6537,Inspektionen för vård och omsorg,BOX 45184,104 30,STOCKHOLM,SOLNAVÄGEN 4,113 68,STOCKHOLM,0107885000,,registrator@ivo.se,www.ivo.se,2013:196,202100-6537,,,,,True,www.ivo.se,,True,False
202100-4946,INSTITUTET FÖR ARBETSMARKNADS-OCH UTBILDNINGSPOLITISK UTVÄRDERING,BOX 513,751 20,UPPSALA,KYRKOGÅRDSGATAN 6,753 12,UPPSALA,0184717070,,ifau@ifau.uu.se,www.ifau.se,2007:911,202100-4946,,,,,True,www.ifau.se,,True,False
202100-7022,INSTITUTET FÖR MÄNSKLIGA RÄTTIGHETER,BOX 2125,220 02,LUND,Mobilvägen 10,223 62,LUND,,,registrator@mrinstitutet.se,www.mrinstitutet.se,2021:1198,202100-7022,,,,,True,www.mrinstitutet.se,,True,False
202100-3567,INSTITUTET FÖR RYMDFYSIK,BOX 812,981 28,KIRUNA,Bengt Hultqvists väg 1,981 92,KIRUNA,098079000,,irf@irf.se,www.irf.se,2007:1163,202100-3567,,,,,True,www.irf.se,,True,False
202100-1082,Institutet för språk och folkminnen,BOX 135,751 04,UPPSALA,VON KRAEMERS ALLÉ 19,752 37,UPPSALA,0200283333,,registrator@isof.se,www.isof.se,2007:1181,202100-1082,,,,,True,www.isof.se,,True,False
202100-0050,Integritetsskyddsmyndigheten,BOX 8114,104 20,STOCKHOLM,Fleminggatan 14,112 26,STOCKHOLM,086576100,,imy@imy.se,www.imy.se,2007:975,202100-0050,,,,,True,www.imy.se,,True,False
202100-0035,JUSTITIEKANSLERN,BOX 2308,103 17,STOCKHOLM,BIRGER JARLS TORG 12,111 28,STOCKHOLM,0104759300,,registrator@jk.se,www.jk.se,1975:1345,202100-0035,,,,,True,www.jk.se,,True,False
202100-6693,Jämställdhetsmyndigheten,Vikingsgatan 3,411 04,GÖTEBORG,Vikingsgatan 3,411 04,GÖTEBORG,,,info@jamstalldhetsmyndigheten.se,www.jamstalldhetsmyndigheten.se,2017:937,202100-6693,,,,,True,www.jamstalldhetsmyndigheten.se,,True,False
202100-0829,KAMMARKOLLEGIET,BOX 2218,103 15,STOCKHOLM,SLOTTSBACKEN 6,111 30,STOCKHOLM,087000800,,registratur@kammarkollegiet.se,www.kammarkollegiet.se,2007:824,202100-0829,,,,,True,www.kammarkollegiet.se,,True,False
202100-3120,KARLSTADS UNIVERSITET,,651 88,KARLSTAD,UNIVERSITETSGATAN 2,656 37,KARLSTAD,0547001000,,registrator@kau.se,www.kau.se,1993:100,202100-3120,,,,,True,www.kau.se,,True,False
202100-2973,KAROLINSKA INSTITUTET,,171 77,STOCKHOLM,NOBELS VÄG 6,171 65,SOLNA,0852480000,,registrator@ki.se,www.ki.se,1993:100,202100-2973,,,,,True,www.ki.se,,True,False
202100-3880,KEMIKALIEINSPEKTIONEN,BOX 2,172 13,SUNDBYBERG,Vasagatan 12 D,172 67,SUNDBYBERG,,,kemi@kemi.se,www.kemi.se,2009:947,202100-3880,,,,,True,www.kemi.se,,True,False
202100-6719,Klimatpolitiska rådet,BOX 1206,111 82,STOCKHOLM,Drottninggatan 89,111 36,STOCKHOLM,087754170,,kansli@klimatpolitiskaradet.se,www.klimatpolitiskaradet.se,2017:1268,202100-6719,,,,,True,www.klimatpolitiskaradet.se,,True,False
202100-2007,KOMMERSKOLLEGIUM,BOX 6803,113 86,STOCKHOLM,FLEMMINGGATAN 14,112 26,STOCKHOLM,086904800,,registrator@kommerskollegium.se,www.kommerskollegium.se,2012:990,202100-2007,,,,,True,www.kommerskollegium.se,,True,False
202100-0845,KONJUNKTURINSTITUTET,FLEMINGGATAN 7,112 26,STOCKHOLM,Fleminggatan 7,112 26,STOCKHOLM,084535900,,registrator@konj.se,www.konj.se,2007:759,202100-0845,,,,,True,www.konj.se,,True,False
202100-4342,KONKURRENSVERKET,RINGVÄGEN 100,118 60,STOCKHOLM,RINGVÄGEN 100,118 60,STOCKHOLM,087001600,,konkurrensverket@kkv.se,www.konkurrensverket.se,2007:1117,202100-4342,,,,,True,www.konkurrensverket.se,,True,False
202100-1199,KONSTFACK,Box 3601,126 27,STOCKHOLM,LM ERICSSONS VÄG 14,126 26,HÄGERSTEN,084504100,,registrator@konstfack.se,www.konstfack.se,1993:100,202100-1199,,,,,True,www.konstfack.se,,True,False
202100-3252,KONSTNÄRSNÄMNDEN,MARIA SKOLGATA 83,118 53,STOCKHOLM,MARIA SKOLGATA 83,118 53,STOCKHOLM,0850655000,,info@konstnarsnamnden.se,www.konstnarsnamnden.se,2007:1199,202100-3252,,,,,True,www.konstnarsnamnden.se,,True,False
202100-2064,KONSUMENTVERKET,BOX 48,651 02,KARLSTAD,TAGE ERLANDERGATAN 8 A,652 20,KARLSTAD,0771423300,,konsumentverket@konsumentverket.se,www.konsumentverket.se,2009:607,202100-2064,,,,,True,www.konsumentverket.se,,True,False
202100-5810,Krigsförsäkringsnämnden,Box 7821,103 97,STOCKHOLM,,000 00,STOCKHOLM,087878000,,,http://www.regeringen.se/myndigheter-med-flera/krigsforsakringsnamnden/,2007:842,202100-5810,,,,,True,www.regeringen.se/myndigheter-med-flera/krigsforsakringsnamnden,,True,False
202100-0225,KRIMINALVÅRDEN,,601 80,NORRKÖPING,SLOTTSGATAN 78,602 22,NORRKÖPING,0772280800,,hk@kriminalvarden.se,www.kriminalvarden.se,2023:797,202100-0225,,,,,True,www.kriminalvarden.se,,True,False
202100-5646,KRONOFOGDEMYNDIGHETEN,Box 1050,172 21,SUNDBYBERG,ESPLANADEN 1,172 67,SUNDBYBERG,0771737300,,kontakt@kronofogden.se,www.kronofogden.se,2016:1333,202100-5646,,,,,True,www.kronofogden.se,,True,False
202100-1710,KUNGLIGA BIBLIOTEKET,BOX 5039,102 41,STOCKHOLM,HUMLEGÅRDSGATAN 26,114 46,STOCKHOLM,0107093000,,kungl.biblioteket@kb.se,www.kb.se,2008:1421,202100-1710,,,,,True,www.kb.se,,True,False
202100-2957,KUNGLIGA KONSTHÖGSKOLAN,BOX 16315,103 26,STOCKHOLM,FLAGGMANSVÄGEN 1,111 49,STOCKHOLM,086144000,,info@kkh.se,www.kkh.se,1993:100,202100-2957,,,,,True,www.kkh.se,,True,False
202100-1215,KUNGLIGA MUSIKHÖGSKOLAN,BOX 27711,115 91,STOCKHOLM,Valhallavägen 105,115 51,STOCKHOLM,,,registrator@kmh.se,www.kmh.se,1993:100,202100-1215,,,,,True,www.kmh.se,,True,False
202100-3054,KUNGLIGA TEKNISKA HÖGSKOLAN,,100 44,STOCKHOLM,Brinellvägen 8,114 28,STOCKHOLM,087906000,,registrator@kth.se,www.kth.se,1993:100,202100-3054,,,,,True,www.kth.se,,True,False
202100-3997,KUSTBEVAKNINGEN,BOX 536,371 23,KARLSKRONA,BASTIONSGATAN 18,371 32,KARLSKRONA,0776707000,,registrator@kustbevakningen.se,www.kustbevakningen.se,2019:84,202100-3997,,,,,True,www.kustbevakningen.se,,True,False
202100-4904,KÄRNAVFALLSFONDEN,BOX 2218,103 15,STOCKHOLM,BIRGER JARLSGATAN 16,114 34,STOCKHOLM,087000800,,karnavfallsfonden@kammarkollegiet.se,www.karnavfallsfonden.se,2007:1055,202100-4904,,,,,True,www.karnavfallsfonden.se,,True,False
202100-5315,LAGRÅDET,BOX 2066,103 12,STOCKHOLM,Birger Jarls Torg 5,111 28,STOCKHOLM,0856166600,,lagradet@dom.se,www.lagradet.se,2003:333,202100-5315,,,,,True,www.lagradet.se,,True,False
202100-4888,LANTMÄTERIET,,801 82,GÄVLE,LANTMÄTERIGATAN 2 C,802 64,GÄVLE,0771636363,,lantmateriet@lm.se,www.lantmateriet.se,2009:946,202100-4888,,,,,True,www.lantmateriet.se,,True,False
202100-3096,LINKÖPINGS UNIVERSITET,,581 83,LINKÖPING,MÄSTER MATTIAS VÄG 8,583 30,LINKÖPING,013281000,,registrator@liu.se,www.liu.se,1993:100,202100-3096,,,,,True,www.liu.se,,True,False
202100-6271,Linnéuniversitetet,,351 95,VÄXJÖ,UNIVERSITETSPLATSEN 1,352 52,VÄXJÖ,0772288000,,info@lnu.se,www.lnu.se,1993:100,202100-6271,,,,,True,www.lnu.se,,True,False
202100-1850,LIVSMEDELSVERKET,BOX 622,751 26,UPPSALA,DAG HAMMARSKJÖLDS VÄG 56 A,752 37,UPPSALA,018175500,,livsmedelsverket@slv.se,www.livsmedelsverket.se,2009:1426,202100-1850,,,,,True,www.livsmedelsverket.se,,True,False
202100-6735,Lokala säkerhetsnämnden vid Forsmark,BOX 66,742 21,ÖSTHAMMAR,,000 00,ÖSTHAMMAR,,,,www.osthammar.se/sv/organisation/namnd/lokala-sakerhetsnamnden/,2007:1054,202100-6735,,,,,True,www.osthammar.se/sv/organisation/namnd/lokala-sakerhetsnamnden,,True,False
202100-6743,Lokala säkerhetsnämnden vid Oskarshamn,BOX 706,572 28,OSKARSHAMN,,000 00,OSKARSHAMN,,,,www.oskarshamn.se/mer-om-kommunen/karnenergi-och-karnavfall/lokala-sakerhetsnamnden-vid-oskarshamns-karnkraftverk-och-karnenergiberedskap/,2007:1054,202100-6743,,,,,True,www.oskarshamn.se/mer-om-kommunen/karnenergi-och-karnavfall/lokala-sakerhetsnamnden-vid-oskarshamns-karnkraftverk-och-karnenergiberedskap,,True,False
202100-6750,Lokala säkerhetsnämnden vid Ringhals,,432 80,VARBERG,,000 00,VARBERG,,,,www.varberg.se/kommunpolitik/kommunensorganisation/lokalasakerhetsnamnden.4.12d3b98d13f7ba71e5a1edb.html,2007:1054,202100-6750,,,,,True,www.varberg.se/kommunpolitik/kommunensorganisation/lokalasakerhetsnamnden.4.12d3b98d13f7ba71e5a1edb.html,,True,False
202100-2841,LULEÅ TEKNISKA UNIVERSITET,,971 87,LULEÅ,UNIVERSITETSOMRÅDET PORSÖN,977 54,LULEÅ,0920491000,,registrator@ltu.se,www.ltu.se,1993:100,202100-2841,,,,,True,www.ltu.se,,True,False
202100-3211,LUNDS UNIVERSITET,BOX 177,221 00,LUND,KYRKOGATAN 8,222 22,LUND,0462220000,,lu@lu.se,www.lu.se,1993:100,202100-3211,,,,,True,www.lu.se,,True,False
202100-4078,LÄKEMEDELSVERKET,BOX 26,751 03,UPPSALA,DAG HAMMARSKJÖLDS VÄG 42,752 37,UPPSALA,,,registrator@lakemedelsverket.se,www.lakemedelsverket.se,2020:57,202100-4078,,,,,True,www.lakemedelsverket.se,,True,False
202100-2320,LÄNSSTYRELSEN I BLEKINGE LÄN,,371 86,KARLSKRONA,SKEPPSBROKAJEN 4,371 33,KARLSKRONA,0102240000,,blekinge@lansstyrelsen.se,www.lansstyrelsen.se/blekinge,2017:868,202100-2320,,,,,True,www.lansstyrelsen.se/blekinge,,True,False
202100-2429,LÄNSSTYRELSEN I DALARNAS LÄN,,791 84,FALUN,ÅSGATAN 38,791 72,FALUN,0102250000,,dalarna@lansstyrelsen.se,www.lansstyrelsen.se/dalarna,2017:868,202100-2429,,,,,True,www.lansstyrelsen.se/dalarna,,True,False
202100-2312,LÄNSSTYRELSEN I GOTLANDS LÄN,,621 85,VISBY,VISBORGSALLÉN 4,621 50,VISBY,0102239000,,gotland@lansstyrelsen.se,www.lansstyrelsen.se/gotland,2017:868,202100-2312,,,,,True,www.lansstyrelsen.se/gotland,,True,False
202100-2437,LÄNSSTYRELSEN I GÄVLEBORGS LÄN,,801 70,GÄVLE,BORGMÄSTARPLAN 2,802 66,GÄVLE,0102251000,,gavleborg@lansstyrelsen.se,www.lansstyrelsen.se/gavleborg,2017:868,202100-2437,,,,,True,www.lansstyrelsen.se/gavleborg,,True,False
202100-2353,LÄNSSTYRELSEN I HALLANDS LÄN,,301 86,HALMSTAD,SLOTTSGATAN 2,302 42,HALMSTAD,,,halland@lansstyrelsen.se,www.lansstyrelsen.se/halland,2017:868,202100-2353,,,,,True,www.lansstyrelsen.se/halland,,True,False
202100-2452,LÄNSSTYRELSEN I JÄMTLANDS LÄN,,831 86,ÖSTERSUND,RESIDENSGRÄND 7,831 30,ÖSTERSUND,0102253000,,jamtland@lansstyrelsen.se,www.lansstyrelsen.se/jamtland,2017:868,202100-2452,,,,,True,www.lansstyrelsen.se/jamtland,,True,False
202100-2288,LÄNSSTYRELSEN I JÖNKÖPINGS LÄN,,551 86,JÖNKÖPING,HAMNGATAN 4,553 16,JÖNKÖPING,0102236000,,jonkoping@lansstyrelsen.se,www.lansstyrelsen.se/jonkoping,2017:868,202100-2288,,,,,True,www.lansstyrelsen.se/jonkoping,,True,False
202100-2304,LÄNSSTYRELSEN I KALMAR LÄN,,391 86,KALMAR,Regeringsgatan 1,392 31,KALMAR,0102238000,,kalmar@lansstyrelsen.se,www.lansstyrelsen.se/kalmar,2017:868,202100-2304,,,,,True,www.lansstyrelsen.se/kalmar,,True,False
202100-2296,LÄNSSTYRELSEN I KRONOBERGS LÄN,,351 86,VÄXJÖ,KUNGSGATAN 8,352 33,VÄXJÖ,0102237000,,kronoberg@lansstyrelsen.se,www.lansstyrelsen.se/kronoberg,2017:868,202100-2296,,,,,True,www.lansstyrelsen.se/kronoberg,,True,False
202100-2478,LÄNSSTYRELSEN I NORRBOTTENS LÄN,,971 86,LULEÅ,STATIONSGATAN 5,972 38,LULEÅ,0102255000,,Norrbotten@lansstyrelsen.se,www.lansstyrelsen.se/norrbotten,2017:868,202100-2478,,,,,True,www.lansstyrelsen.se/norrbotten,,True,False
202100-2346,LÄNSSTYRELSEN I SKÅNE LÄN,,205 15,MALMÖ,SÖDERGATAN 5,211 34,MALMÖ,0102241000,,skane@lansstyrelsen.se,www.lansstyrelsen.se/skane,2017:868,202100-2346,,,,,True,www.lansstyrelsen.se/skane,,True,False
202100-2247,LÄNSSTYRELSEN I STOCKHOLMS LÄN,BOX 22067,104 22,STOCKHOLM,REGERINGSGATAN 66,111 39,STOCKHOLM,0102231000,,stockholm@lansstyrelsen.se,www.lansstyrelsen.se/stockholm,2017:868,202100-2247,,,,,True,www.lansstyrelsen.se/stockholm,,True,False
202100-2262,LÄNSSTYRELSEN I SÖDERMANLANDS LÄN,,611 86,NYKÖPING,STORA TORGET 13,611 32,NYKÖPING,0102234000,,sodermanland@lansstyrelsen.se,www.lansstyrelsen.se/sodermanland,2017:868,202100-2262,,,,,True,www.lansstyrelsen.se/sodermanland,,True,False
202100-2254,LÄNSSTYRELSEN I UPPSALA LÄN,,751 86,UPPSALA,Bäverns gränd 17,753 19,UPPSALA,0102233000,,uppsala@lansstyrelsen.se,www.lansstyrelsen.se/uppsala,2017:868,202100-2254,,,,,True,www.lansstyrelsen.se/uppsala,,True,False
202100-2395,LÄNSSTYRELSEN I VÄRMLANDS LÄN,,651 86,KARLSTAD,VÅXNÄSGATAN 5,653 40,KARLSTAD,0102247000,,varmland@lansstyrelsen.se,www.lansstyrelsen.se/varmland,2017:868,202100-2395,,,,,True,www.lansstyrelsen.se/varmland,,True,False
202100-2460,LÄNSSTYRELSEN I VÄSTERBOTTENS LÄN,,901 86,UMEÅ,STORGATAN 71 B,903 30,UMEÅ,0102254000,,vasterbotten@lansstyrelsen.se,www.lansstyrelsen.se/vasterbotten,2017:868,202100-2460,,,,,True,www.lansstyrelsen.se/vasterbotten,,True,False
202100-2445,LÄNSSTYRELSEN I VÄSTERNORRLANDS LÄN,,871 86,HÄRNÖSAND,PUMPBACKSGATAN 19,871 31,HÄRNÖSAND,0611349000,,vasternorrland@lansstyrelsen.se,www.lansstyrelsen.se/vasternorrland,2017:868,202100-2445,,,,,True,www.lansstyrelsen.se/vasternorrland,,True,False
202100-2411,LÄNSSTYRELSEN I VÄSTMANLANDS LÄN,,721 86,VÄSTERÅS,VÄSTRA RINGVÄGEN 1,722 11,VÄSTERÅS,0102249000,,vastmanland@lansstyrelsen.se,www.lansstyrelsen.se/vastmanland,2017:868,202100-2411,,,,,True,www.lansstyrelsen.se/vastmanland,,True,False
202100-2361,LÄNSSTYRELSEN I VÄSTRA GÖTALANDS LÄN,,403 40,GÖTEBORG,SÖDRA HAMNGATAN 3,411 14,GÖTEBORG,0102244000,,vastragotaland@lansstyrelsen.se,www.lansstyrelsen.se/vastragotaland,2017:868,202100-2361,,,,,True,www.lansstyrelsen.se/vastragotaland,,True,False
202100-2403,LÄNSSTYRELSEN I ÖREBRO LÄN,,701 86,ÖREBRO,ÖSTRA BANGATAN 11,703 39,ÖREBRO,0102248000,,orebro@lansstyrelsen.se,www.lansstyrelsen.se/orebro,2017:868,202100-2403,,,,,True,www.lansstyrelsen.se/orebro,,True,False
202100-2270,LÄNSSTYRELSEN I ÖSTERGÖTLANDS LÄN,,581 86,LINKÖPING,ÖSTGÖTAGATAN 3,582 32,LINKÖPING,0102235000,,ostergotland@lansstyrelsen.se,www.lansstyrelsen.se/ostergotland,2017:868,202100-2270,,,,,True,www.lansstyrelsen.se/ostergotland,,True,False
202100-4920,MALMÖ UNIVERSITET,,205 06,MALMÖ,NORDENSKIÖLDSGATAN 1,211 19,MALMÖ,0406657000,,info@mau.se,www.mau.se,1993:100,202100-4920,,,,,True,www.mau.se,,True,False
202100-6347,MEDIEMYNDIGHETEN,KABYSSGATAN 4 D,120 30,STOCKHOLM,HAMMARBYBACKEN 31,120 30,STOCKHOLM,0858007000,,registrator@mediemyndigheten.se,www.mediemyndigheten.se,2023:844,202100-6347,,,,,True,www.mediemyndigheten.se,,True,False
202100-5174,MEDLINGSINSTITUTET,BOX 1236,111 82,STOCKHOLM,Drottninggatan 89,113 60,STOCKHOLM,,,info@mi.se,www.mi.se,2007:912,202100-5174,,,,,True,www.mi.se,,True,False
202100-2163,MIGRATIONSVERKET,,601 70,NORRKÖPING,SLOTTSGATAN 81-82,602 22,NORRKÖPING,0771235235,,registrator@migrationsverket.se,www.migrationsverket.se,2019:502,202100-2163,,,,,True,www.migrationsverket.se,,True,False
202100-4524,MITTUNIVERSITETET,,851 70,SUNDSVALL,HOLMGATAN 10,852 33,SUNDSVALL,0101428000,,registrator@miun.se,www.miun.se,1993:100,202100-4524,,,,,True,www.miun.se,,True,False
202100-5091,MODERNA MUSEET,Box 16382,103 27,STOCKHOLM,EXERCISPLAN 4  Skeppsholmen,111 49,STOCKHOLM,0852023500,,registrator@modernamuseet.se,www.modernamuseet.se,2007:1177,202100-5091,,,,,True,www.modernamuseet.se,,True,False
202100-6875,MYNDIGHETEN FÖR ARBETSMILJÖKUNSKAP,Norra Slottsgatan 9,803 20,GÄVLE,Norra Slottsgatan 8,803 20,GÄVLE,026148400,,info@mynak.se,www.mynak.se,2018:254,202100-6875,,,,,True,www.mynak.se,,True,False
202100-5588,MYNDIGHETEN FÖR DELAKTIGHET,BOX 47082,100 74,STOCKHOLM,Rosterigränd 12,117 61,STOCKHOLM,086008400,,info@mfd.se,www.mfd.se,2024:78,202100-5588,,,,,True,www.mfd.se,,True,False
202100-6883,MYNDIGHETEN FÖR DIGITAL FÖRVALTNING,BOX 14,851 02,SUNDSVALL,Jägargatan 1,852 37,SUNDSVALL,0771114400,,info@digg.se,www.digg.se,2018:1486,202100-6883,,,,,True,www.digg.se,,True,False
202100-4169,MYNDIGHETEN FÖR FAMILJERÄTT OCH FÖRÄLDRASKAPSSTÖD,BOX 35,931 21,SKELLEFTEÅ,NYGATAN 40 B,931 31,SKELLEFTEÅ,0101901100,,info@mfof.se,www.mfof.se,2017:292,202100-4169,,,,,True,www.mfof.se,,True,False
202100-6404,Myndigheten för kulturanalys,BOX 1001,405 21,GÖTEBORG,Södra Vägen 54,412 54,GÖTEBORG,0313952000,,info@kulturanalys.se,www.kulturanalys.se,2011:124,202100-6404,,,,,True,www.kulturanalys.se,,True,False
202100-7014,MYNDIGHETEN FÖR PSYKOLOGISKT FÖRSVAR,VÅXNÄSGATAN 10,653 40,KARLSTAD,VÅXNÄSGATAN 10,653 40,KARLSTAD,0101837000,,registrator@mpf.se,www.mpf.se,2021:936,202100-7014,,,,,True,www.mpf.se,,True,False
202100-5984,Myndigheten för samhällsskydd och beredskap (MSB),,651 81,KARLSTAD,PACKHUSALLÉN 2,652 12,KARLSTAD,0771240240,,registrator@msb.se,www.msb.se,2008:1002,202100-5984,,,,,True,www.msb.se,,True,False
202100-5141,Myndigheten för stöd till trossamfund,BOX 14038,167 14,BROMMA,GUSTAVSLUNDSVÄGEN 18,167 51,BROMMA,084536870,,info@myndighetensst.se,www.myndighetensst.se,2017:104,202100-5141,,,,,True,www.myndighetensst.se,,True,False
202100-3591,Myndigheten för tillgängliga medier,BOX 51,201 20,Malmö,Hans Michelsensgatan 2,211 20,MALMÖ,0406532700,,info@mtm.se,www.mtm.se,2010:769,202100-3591,,,,,True,www.mtm.se,,True,False
202100-6164,Myndigheten för tillväxtpolitiska utvärderingar och analyser,STUDENTPLAN 3,831 40,ÖSTERSUND,STUDENTPLAN 3,831 40,ÖSTERSUND,0104474400,,info@tillvaxtanalys.se,www.tillvaxtanalys.se,2016:1048,202100-6164,,,,,True,www.tillvaxtanalys.se,,True,False
202100-7055,MYNDIGHETEN FÖR TOTALFÖRSVARSANALYS,BOX 24250,104 51,STOCKHOLM,Karlavägen 104  9 tr,115 23,STOCKHOLM,0101605100,,registrator@mtfa.se,www.mtfa.se,2022:1768,202100-7055,,,,,True,www.mtfa.se,,True,False
202100-1173,MYNDIGHETEN FÖR UNGDOMS-OCH CIVILSAMHÄLLESFRÅGOR,BOX 206,351 05,VÄXJÖ,LIEDBERGSGATAN 4,352 30,VÄXJÖ,0101601000,,info@mucf.se,www.mucf.se,2018:1425,202100-1173,,,,,True,www.mucf.se,,True,False
202100-6412,Myndigheten för vård- och omsorgsanalys,BOX 6070,102 31,STOCKHOLM,DROTTNINGGATAN 89,113 60,STOCKHOLM,086904100,,registrator@vardanalys.se,www.vardanalys.se,2010:1385,202100-6412,,,,,True,www.vardanalys.se,,True,False
202100-6230,MYNDIGHETEN FÖR YRKESHÖGSKOLAN,BOX 145,721 05,VÄSTERÅS,INGENJÖR BÅÅTHS GATA 19,722 12,VÄSTERÅS,0102090100,,registrator@myh.se,www.myh.se,2011:1162,202100-6230,,,,,True,www.myh.se,,True,False
202100-2916,MÄLARDALENS UNIVERSITET,BOX 883,721 23,VÄSTERÅS,Universitetsplan 1,722 20,VÄSTERÅS,021101300,,registrator@mdu.se,www.mdu.se,1993:100,202100-2916,,,,,True,www.mdu.se,,True,False
202100-1108,NATIONALMUSEUM,BOX 16176,103 24,STOCKHOLM,SÖDRA BLASIEHOLMSHAMNEN 2  NATIONALMUSEIBYGGNADEN,111 48,STOCKHOLM,0851954300,,registrator@nationalmuseum.se,www.nationalmuseum.se,2007:1175,202100-1108,,,,,True,www.nationalmuseum.se,,True,False
202100-1124,NATURHISTORISKA RIKSMUSEET,BOX 50007,104 05,STOCKHOLM,FRESCATIVÄGEN 40,114 18,STOCKHOLM,0851954000,,registrator@nrm.se,www.nrm.se,2007:1176,202100-1124,,,,,True,www.nrm.se,,True,False
202100-1975,NATURVÅRDSVERKET,,106 48,STOCKHOLM,VIRKESVÄGEN 2,120 30,STOCKHOLM,0106981000,,registrator@naturvardsverket.se,www.naturvardsverket.se,2012:989,202100-1975,,,,,True,www.naturvardsverket.se,,True,False
202100-2726,NORDISKA AFRIKAINSTITUTET,BOX 1703,751 47,UPPSALA,VILLAVÄGEN 6,752 36,UPPSALA,0184715200,,nai@nai.uu.se,www.nai.uu.se,2021:371,202100-2726,,,,,True,www.nai.uu.se,,True,False
202100-6032,Notarienämnden,Box 2203,550 02,JÖNKÖPING,,000 00,JÖNKÖPING,036156800,,notarienamnden@dom.se,www.domstol.se/Om-Sveriges-Domstolar/Notarienamnden,2007:1076,202100-6032,,,,,True,www.domstol.se/om-sveriges-domstolar/notarienamnden,,True,False
202100-4144,NÄMNDEN FÖR HEMSLÖJDSFRÅGOR,BOX 4006,102 61,STOCKHOLM,Västgötagatan 5,118 27,STOCKHOLM,086819353,,nfh@nfh.se,www.nfh.se,2007:1193,202100-4144,,,,,True,www.nfh.se,,True,False
202100-6933,Nämnden för prövning av oredlighet i forskning,BOX 2110,750 02,UPPSALA,Dag Hammarskjölds väg 7,752 37,UPPSALA,0104573320,,registrator@npof.se,https://npof.se,2019:1152,202100-6933,,,,,True,npof.se,,True,False
202100-5786,NÄMNDEN FÖR STYRELSEREPRESENTATIONSFRÅGOR,,103 33,STOCKHOLM,,000 00,STOCKHOLM,084051000,,,www.regeringen.se/myndigheter-med-flera/namnden-for-styrelserepresentationsfragor,2007:909,202100-5786,,,,,True,www.regeringen.se/myndigheter-med-flera/namnden-for-styrelserepresentationsfragor,,True,False
202100-6206,Nämnden mot Diskriminering,BOX 2066,103 12,STOCKHOLM,,000 00,STOCKHOLM,0856166668,,kansliet@namndenmotdiskriminering.se,www.namndenmotdiskriminering.se,2008:1328,202100-6206,,,,,True,www.namndenmotdiskriminering.se,,True,False
202100-6776,Oljekrisnämnden,,103 33,STOCKHOLM,,000 00,STOCKHOLM,,,info@oljekrisnamnden.se,www.regeringen.se/myndigheter-med-flera/oljekrisnamnden,2007:1152,202100-6776,,,,,True,www.regeringen.se/myndigheter-med-flera/oljekrisnamnden,,True,False
202100-2072,PATENT- OCH REGISTRERINGSVERKET,BOX 5055,102 42,STOCKHOLM,VALHALLAVÄGEN 136,114 41,STOCKHOLM,087822800,,prv@prv.se,www.prv.se,2007:1111,202100-2072,,,,,True,www.prv.se,,True,False
202100-6370,PATENTOMBUDSNÄMNDEN,BOX 46,851 02,SUNDSVALL,,,,0771670670,,patentombudsnamnden@patentombudsnamnden.se,www.bolagsverket.se/om/oss/fler/patentombud,2010:1054,202100-6370,,,,,True,www.bolagsverket.se/om/oss/fler/patentombud,,True,False
202100-6255,PENSIONSMYNDIGHETEN,BOX 38190,100 64,STOCKHOLM,HORNSGATAN 168,117 28,STOCKHOLM,0771771771,,registrator@pensionsmyndigheten.se,www.pensionsmyndigheten.se,2009:1175,202100-6255,,,,,True,www.pensionsmyndigheten.se,,True,False
202100-4060,POLARFORSKNINGSSEKRETARIATET,,971 87,LULEÅ,VINTERGATAN 2,977 54,LULEÅ,0705502393,,office@polar.se,www.polar.se,2007:1072,202100-4060,,,,,True,www.polar.se,,True,False
202100-0076,POLISMYNDIGHETEN,BOX 12256,102 26,STOCKHOLM,POLHEMSGATAN 30,112 30,STOCKHOLM,11414,,registrator.kansli@polisen.se,www.polisen.se,2022:1718,202100-0076,,,,,True,www.polisen.se,,True,False
202100-4359,POST- OCH TELESTYRELSEN,BOX 6101,102 32,STOCKHOLM,HÄLSINGEGATAN 38,113 43,STOCKHOLM,,,pts@pts.se,www.pts.se,2007:951,202100-4359,,,,,True,www.pts.se,,True,False
202100-3831,REGERINGSKANSLIET,,103 33,STOCKHOLM,ROSENBAD 4,111 52,STOCKHOLM,084051000,,forvaltningsavdelningen.registrator@regeringskansliet.se,www.regeringen.se,1996:1515,202100-3831,,,,,True,www.regeringen.se,,True,False
202100-4805,REVISORSINSPEKTIONEN,BOX 24014,104 50,STOCKHOLM,KARLAVÄGEN 104,115 26,STOCKHOLM,087384600,,ri@revisorsinspektionen.se,www.revisorsinspektionen.se,2007:1077,202100-4805,,,,,True,www.revisorsinspektionen.se,,True,False
202100-1090,RIKSANTIKVARIEÄMBETET,BOX 1114,621 22,VISBY,STORGATAN 41,114 55,STOCKHOLM,0851918000,,registrator@raa.se,www.raa.se,2014:1585,202100-1090,,,,,True,www.raa.se,,True,False
202100-1074,RIKSARKIVET,BOX 7223,187 13,TÄBY,Fyrverkarbacken 13,112 60,STOCKHOLM,0104767000,,riksarkivet@riksarkivet.se,www.riksarkivet.se,2009:1593,202100-1074,,,,,True,www.riksarkivet.se,,True,False
202100-2635,RIKSGÄLDSKONTORET,,103 74,STOCKHOLM,Olof Palmes gata 17,111 22,STOCKHOLM,086134500,,riksgalden@riksgalden.se,www.riksgalden.se,2023:909,202100-2635,,,,,True,www.riksgalden.se,,True,False
202100-6784,Riksvärderingsnämnden,,103 33,STOCKHOLM,,000 00,STOCKHOLM,,,,,2007:859,202100-6784,,,,,True,,,False,False
202100-2585,RYMDSTYRELSEN,BOX 4006,171 04,SOLNA,Hemvärnsgatan 9,171 54,SOLNA,0840907700,,rymdstyrelsen@snsa.se,www.rymdstyrelsen.se,2007:1115,202100-2585,,,,,True,www.rymdstyrelsen.se,,True,False
202100-6008,Rättshjälpnämnden,Box 170,851 03,SUNDSVALL,Södra Tjärngatan 2,852 33,SUNDSVALL,060186891,,rattshjalpsnamnden@dom.se,www.domstol.se/rattshjalpsnamnden,2007:1079,202100-6008,,,,,True,www.domstol.se/rattshjalpsnamnden,,True,False
202100-6016,Rättshjälpsmyndigheten,Box 853,851 24,SUNDSVALL,Storgatan 39,852 33,SUNDSVALL,060134600,,rattshjalpsmyndigheten@dom.se,www.rattshjalp.se,2007:1078,202100-6016,,,,,True,www.rattshjalp.se,,True,False
202100-4227,RÄTTSMEDICINALVERKET,BOX 206,101 24,STOCKHOLM,Västra Järnvägsgatan 3  Plan 5,111 64,STOCKHOLM,0104834100,,rmv@rmv.se,www.rmv.se,2007:976,202100-4227,,,,,True,www.rmv.se,,True,False
202100-4631,SAMESKOLSTYRELSEN,BOX 155,962 24,JOKKMOKK,LÄRARGATAN 2,962 31,JOKKMOKK,097144200,,sameskolstyrelsen@sameskolstyrelsen.se,www.sameskolstyrelsen.se,2011:131,202100-4631,,,,,True,www.sameskolstyrelsen.se,,True,False
202100-4573,SAMETINGET,BOX 90,981 22,KIRUNA,Adolf Hedinsvägen 58,981 33,KIRUNA,098078030,,kansli@sametinget.se,www.sametinget.se,2009:1395,202100-4573,,,,,True,www.sametinget.se,,True,False
202100-4789,Sida,BOX 2025,174 02,SUNDBYBERG,Rissneleden 110,174 57,SUNDBYBERG,086985000,,sida@sida.se,www.sida.se,2025:269,202100-4789,,,,,True,www.sida.se,,True,False
202100-5901,Skatterättsnämnden,Box 24144,104 51,STOCKHOLM,Karlavägen 108,115 26,STOCKHOLM,0105747957,,kansliet@skatterattsnamnden.se,www.skatterattsnamnden.se,2007:785,202100-5901,,,,,True,www.skatterattsnamnden.se,,True,False
202100-5448,SKATTEVERKET,,205 30,MALMÖ,STUREGATAN 4,172 31,SUNDBYBERG,0771567567,,registrator@skatteverket.se,www.skatteverket.se,2017:154,202100-5448,,,,,True,www.skatteverket.se,,True,False
202100-5869,Skiljenämnden i vissa trygghetsfrågor,Box 2218,103 15,STOCKHOLM,,000 00,STOCKHOLM,087000800,,registratur@kammarkollegiet.se,www.kammarkollegiet.se/kammarkollegiet/vi-arbetar-ocksa-med/naemndmyndigheter/skiljenaemnden-i-vissa-trygghetsfragor,2007:830,202100-5869,,,,,True,www.kammarkollegiet.se/kammarkollegiet/vi-arbetar-ocksa-med/naemndmyndigheter/skiljenaemnden-i-vissa-trygghetsfragor,,True,False
202100-5612,SKOGSSTYRELSEN,,551 83,JÖNKÖPING,SKEPPSBROGATAN 2,553 29,JÖNKÖPING,036359300,,skogsstyrelsen@skogsstyrelsen.se,www.skogsstyrelsen.se,2009:1393,202100-5612,,,,,True,www.skogsstyrelsen.se,,True,False
202100-6602,SKOLFORSKNINGSINSTITUTET,BOX 17178,104 62,STOCKHOLM,Västgötagatan 5,118 27,STOCKHOLM,0852729800,,info@skolfi.se,www.skolfi.se,2014:1578,202100-6602,,,,,True,www.skolfi.se,,True,False
202100-5729,SKOLVÄSENDETS ÖVERKLAGANDENÄMND,BOX 23069,104 35,STOCKHOLM,Sveavägen 159,113 46,STOCKHOLM,087297760,,overklagandenamnden@overklagandenamnden.se,www.overklagandenamnden.se,2007:948,202100-5729,,,,,True,www.overklagandenamnden.se,,True,False
202100-0555,SOCIALSTYRELSEN,,106 30,STOCKHOLM,RÅLAMBSVÄGEN 3,112 59,STOCKHOLM,0752473000,,socialstyrelsen@socialstyrelsen.se,www.socialstyrelsen.se,2015:284,202100-0555,,,,,True,www.socialstyrelsen.se,,True,False
202100-5745,SPECIALPEDAGOGISKA SKOLMYNDIGHETEN,BOX 1100,871 29,HÄRNÖSAND,NYBROGATAN 14 C,871 31,HÄRNÖSAND,0104735000,,spsm@spsm.se,www.spsm.se,2011:130,202100-5745,,,,,True,www.spsm.se,,True,False
202100-3310,SPELINSPEKTIONEN,BOX 199,645 23,STRÄNGNÄS,FINNINGEVÄGEN 54 B,645 42,STRÄNGNÄS,0152650100,,registrator@spelinspektionen.se,www.lotteriinspektionen.se,2018:1476,202100-3310,,,,,True,www.lotteriinspektionen.se,,True,False
202100-5836,Statens ansvarsnämnd,Box 2290,103 17,STOCKHOLM,Birger Jarls torg 16  Riddarholmen,111 28,STOCKHOLM,0856167131,,ansvarsnamnden@dom.se,www.statensansvarsnamnd.se,2007:831,202100-5836,,,,,True,www.statensansvarsnamnd.se,,True,False
202100-4417,STATENS BEREDNING FÖR MEDICINSK OCH SOCIAL UTVÄRDERING,BOX 6183,102 33,STOCKHOLM,SANKT ERIKSGATAN 117,113 43,STOCKHOLM,084123200,,registrator@sbu.se,www.sbu.se,2007:1233,202100-4417,,,,,True,www.sbu.se,,True,False
202100-3427,Statens centrum för arkitektur och design,BOX 16410,103 27,STOCKHOLM,EXERCISPLAN 4,111 49,STOCKHOLM,0852023500,,info@arkdes.se,www.arkdes.se,2013:71,202100-3427,,,,,True,www.arkdes.se,,True,False
202100-5000,STATENS ENERGIMYNDIGHET,BOX 310,631 04,ESKILSTUNA,GREDBYVÄGEN 10,632 21,ESKILSTUNA,0165442000,,registrator@energimyndigheten.se,www.energimyndigheten.se,2025:784,202100-5000,,,,,True,www.energimyndigheten.se,,True,False
202100-4474,STATENS FASTIGHETSVERK,BOX 2263,103 16,STOCKHOLM,SANKT PAULSGATAN 6,118 46,STOCKHOLM,0104787000,,sfv@sfv.se,www.sfv.se,2007:757,202100-4474,,,,,True,www.sfv.se,,True,False
202100-0464,STATENS FÖRSVARSHISTORISKA MUSEER,BOX 14095,104 41,STOCKHOLM,RIDDARGATAN 13,114 51,STOCKHOLM,0851956310,,info@sfhm.se,www.sfhm.se,2007:1178,202100-0464,,,,,True,www.sfhm.se,,True,False
202100-0712,STATENS GEOTEKNISKA INSTITUT,,581 93,LINKÖPING,OLAUS MAGNUS VÄG 35,583 30,LINKÖPING,013201800,,sgi@sgi.se,www.swedgeo.se,2009:945,202100-0712,,,,,True,www.swedgeo.se,,True,False
202100-3260,STATENS HAVERIKOMMISSION,BOX 6014,102 31,STOCKHOLM,SVEAVÄGEN 151  6 TR.,113 46,STOCKHOLM,0850886200,,info@shk.se,www.shk.se,2007:860,202100-3260,,,,,True,www.shk.se,,True,False
202100-4953,STATENS HISTORISKA MUSEER,BOX 5428,114 84,STOCKHOLM,Storgatan 41,114 55,STOCKHOLM,0851955600,,registrator@shm.se,www.shm.se,2014:1079,202100-4953,,,,,True,www.shm.se,,True,False
202100-6214,Statens inspektion för försvarsunderrättelseverksamheten (SIUN),Box 1140,164 22,KISTA,GULLFOSSGATAN 6,164 40,KISTA,0855504550,,registrator@siun.se,www.siun.se,2009:969,202100-6214,,,,,True,www.siun.se,,True,False
202100-4508,STATENS INSTITUTIONSSTYRELSE,BOX 1062,171 22,SOLNA,SVETSARVÄGEN 10,171 41,SOLNA,0104534000,,registrator@stat-inst.se,www.stat-inst.se,2007:1132,202100-4508,,,,,True,www.stat-inst.se,,True,False
202100-4151,STATENS JORDBRUKSVERK,,551 82,JÖNKÖPING,Skeppsbrogatan 2,553 29,JÖNKÖPING,036155000,,jordbruksverket@jordbruksverket.se,www.jordbruksverket.se,2009:1464,202100-4151,,,,,True,www.jordbruksverket.se,,True,False
202100-1033,STATENS KONSTRÅD,SVENSKSUNDSVÄGEN 11 A,111 49,STOCKHOLM,SVENSKSUNDSVÄGEN 11 A,111 49,STOCKHOLM,084401280,,registrator@statenskonstrad.se,www.statenskonstrad.se,2007:1188,202100-1033,,,,,True,www.statenskonstrad.se,,True,False
202100-1280,STATENS KULTURRÅD,BOX 27215,102 53,STOCKHOLM,BORGVÄGEN 1-5,115 53,STOCKHOLM,0851926400,,kulturradet@kulturradet.se,www.kulturradet.se,2012:515,202100-1280,,,,,True,www.kulturradet.se,,True,False
202100-1132,STATENS MARITIMA OCH TRANSPORTHISTORISKA MUSEER,BOX 48,371 21,KARLSKRONA,Bastionsgatan 5,371 32,KARLSKRONA,0455359300,,registrator@smtm.se,www.smtm.se,2007:1198,202100-1132,,,,,True,www.smtm.se,,True,False
202100-5075,STATENS MUSEER FÖR VÄRLDSKULTUR,BOX 5306,402 27,GÖTEBORG,Södra Vägen 54,412 54,GÖTEBORG,0104561200,,registrator@varldskulturmuseerna.se,www.varldskulturmuseerna.se,2007:1185,202100-5075,,,,,True,www.varldskulturmuseerna.se,,True,False
202100-3666,STATENS MUSIKVERK,BOX 16326,103 26,STOCKHOLM,SIBYLLEGATAN 2,114 51,STOCKHOLM,0851955450,,registrator@musikverket.se,www.musikverket.se,2010:1922,202100-3666,,,,,True,www.musikverket.se,,True,False
202100-5778,STATENS NÄMND FÖR ARBETSTAGARES UPPFINNINGAR,,103 33,STOCKHOLM,,000 00,STOCKHOLM,084051000,,,www.regeringen.se/myndigheter-med-flera/statens-namnd-for-arbetstagares-uppfinningar2/,2007:908,202100-5778,,,,,True,www.regeringen.se/myndigheter-med-flera/statens-namnd-for-arbetstagares-uppfinningar2,,True,False
202100-6453,Statens servicecenter,FE 15,801 71,GÄVLE,RUDDAMMSGATAN 30,803 20,GÄVLE,0771456000,,registrator@statenssc.se,www.statenssc.se,2012:208,202100-6453,,,,,True,www.statenssc.se,,True,False
202100-5828,Statens skaderegleringsnämnd,Box 2218,103 15,STOCKHOLM,,000 00,STOCKHOLM,087000800,,,http://www.kammarkollegiet.se/n-mndmyndigheter/skaderegleringsn-mnden,2007:826,202100-5828,,,,,True,www.kammarkollegiet.se/n-mndmyndigheter/skaderegleringsn-mnden,,True,False
202100-6065,Statens skolinspektion,BOX 23069,104 35,STOCKHOLM,Sveavägen 159  6tr,113 46,STOCKHOLM,0858608000,,skolinspektionen@skolinspektionen.se,www.skolinspektionen.se,2011:556,202100-6065,,,,,True,www.skolinspektionen.se,,True,False
202100-4185,STATENS SKOLVERK,Box 4002,171 04,SOLNA,Svetsarvägen 16,171 41,SOLNA,0852733200,,registrator@skolverket.se,www.skolverket.se,2015:1047,202100-4185,,,,,True,www.skolverket.se,,True,False
202100-5851,Statens tjänstepensions- och grupplivnämnd,,851 90,SUNDSVALL,Jägargatan 1,852 37,SUNDSVALL,020650065,,kundservice@spv.se,www.spv.se,2007:833,202100-5851,,,,,True,www.spv.se,,True,False
202100-0928,STATENS TJÄNSTEPENSIONSVERK,,851 90,SUNDSVALL,JÄGARGATAN 1,852 37,SUNDSVALL,,,kundservice@spv.se,www.spv.se,2007:832,202100-0928,,,,,True,www.spv.se,,True,False
202100-1868,STATENS VETERINÄRMEDICINSKA ANSTALT,,751 89,UPPSALA,ULLS VÄG 2,756 51,UPPSALA,018674000,,sva@sva.se,www.sva.se,2009:1394,202100-1868,,,,,True,www.sva.se,,True,False
202100-0704,STATENS VÄG- OCH TRANSPORTFORSKNINGSINSTITUT,,581 95,LINKÖPING,OLAUS MAGNUS VÄG 35,583 30,LINKÖPING,013204000,,vti@vti.se,www.vti.se,2007:964,202100-0704,,,,,True,www.vti.se,,True,False
202100-4763,Statens överklagandenämnd,BOX 2218,103 15,STOCKHOLM,,,,087000800,,registratur@kammarkollegiet.se,www.kammarkollegiet.se/namndmyndigheter/statens-overklagandenamnd/om-namnden,2007:835,202100-4763,,,,,True,www.kammarkollegiet.se/namndmyndigheter/statens-overklagandenamnd/om-namnden,,True,False
202100-0837,STATISTISKA CENTRALBYRÅN,,701 89,ÖREBRO,ÅKULLEGATAN 14,703 63,ÖREBRO,0104794000,,scb@scb.se,www.scb.se,2016:822,202100-0837,,,,,True,www.scb.se,,True,False
202100-0852,STATSKONTORET,BOX 396,101 27,STOCKHOLM,Torsgatan 11,111 23,STOCKHOLM,084544600,,registrator@statskontoret.se,www.statskontoret.se,2025:681,202100-0852,,,,,True,www.statskontoret.se,,True,False
202100-6560,Stockholms konstnärliga högskola,BOX 24045,104 50,STOCKHOLM,VALHALLAVÄGEN 189,115 53,STOCKHOLM,0849400000,,registrator@uniarts.se,www.uniarts.se,1993:100,202100-6560,,,,,True,www.uniarts.se,,True,False
202100-3062,STOCKHOLMS UNIVERSITET,,106 91,STOCKHOLM,UNIVERSITETSVÄGEN 10 A,114 18,STOCKHOLM,08162000,,registrator@su.se,www.su.se,1993:100,202100-3062,,,,,True,www.su.se,,True,False
202100-5737,STRÅLSÄKERHETSMYNDIGHETEN,,171 16,STOCKHOLM,SOLNA STRANDVÄG 96,171 54,SOLNA,,,registrator@ssm.se,www.stralsakerhetsmyndigheten.se,2008:452,202100-5737,,,,,True,www.stralsakerhetsmyndigheten.se,,True,False
202100-3815,STYRELSEN FÖR ACKREDITERING OCH TEKNISK KONTROLL,BOX 878,501 15,BORÅS,ÖSTERLÅNGGATAN 9,503 31,BORÅS,0771990900,,registrator@swedac.se,www.swedac.se,2021:1252,202100-3815,,,,,True,www.swedac.se,,True,False
202100-6800,Styrelsen För Samefonden,BOX 90,981 22,KIRUNA,Adolf Hedinsvägen 58,981 33,KIRUNA,,,samefonden@sametinget.se,www.sametinget.se/samefonden,1993:384,202100-6800,,,,,True,www.sametinget.se/samefonden,,True,False
202100-5224,SVENSKA ESF-RÅDET,BOX 397,801 05,GÄVLE,DROTTNINGGATAN 9  3TR,803 20,GÄVLE,020333390,,esf@esf.se,www.esf.se,2007:907,202100-5224,,,,,True,www.esf.se,,True,False
202100-6818,Svenska FAO-kommittén,,103 33,STOCKHOLM,,000 00,STOCKHOLM,084051000,,alexander.bang.bergstrom@regeringskansliet.se,www.svenskafaokommitten.se,1995:1100,202100-6818,,,,,True,www.svenskafaokommitten.se,,True,False
202100-4961,SVENSKA INSTITUTET,BOX 9,121 21,JOHANNESHOV,Virkesvägen 2,120 30,STOCKHOLM,084537800,,si@si.se,www.si.se,2015:152,202100-4961,,,,,True,www.si.se,,True,False
202100-5331,Svenska institutet för europapolitiska studier,Box 55,101 21,STOCKHOLM,Torsgatan 11,111 23,STOCKHOLM,0858644700,,info@sieps.se,www.sieps.se,2008:748,202100-5331,,,,,True,www.sieps.se,,True,False
202100-3583,SVERIGES FÖRFATTARFOND,BOX 6243,102 34,STOCKHOLM,SVEAVÄGEN 82  2TR,113 59,STOCKHOLM,084404550,,svff@svff.se,www.svff.se,1962:652,202100-3583,,,,,True,www.svff.se,,True,False
202100-2528,SVERIGES GEOLOGISKA UNDERSÖKNING,BOX 670,751 28,UPPSALA,Dragarbrunnsgatan 77,753 19,UPPSALA,018179000,,sgu@sgu.se,www.sgu.se,2008:1233,202100-2528,,,,,True,www.sgu.se,,True,False
202100-2817,SVERIGES LANTBRUKSUNIVERSITET,BOX 7070,750 07,UPPSALA,Almas Allé 8  Ulls hus,756 51,UPPSALA,018671000,,registrator@slu.se,www.slu.se,1993:221,202100-2817,,,,,True,www.slu.se,,True,False
202100-0696,SVERIGES METEOROLOGISKA OCH HYDROLOGISKA INSTITUT,,601 76,NORRKÖPING,FOLKBORGSVÄGEN 17,603 82,NORRKÖPING,0114958000,,smhi@smhi.se,www.smhi.se,2009:974,202100-0696,,,,,True,www.smhi.se,,True,False
202100-5703,Säkerhets- och integritetsskyddsnämnden,BOX 22523,104 22,STOCKHOLM,Drottninggatan 89,113 60,STOCKHOLM,0106179800,,sakint@sakint.se,www.sakint.se,2007:1141,202100-5703,,,,,True,www.sakint.se,,True,False
202100-6594,SÄKERHETSPOLISEN,BOX 12312,102 28,STOCKHOLM,Bolstomtavägen 2,171 69,SOLNA,0105687000,,sakerhetspolisen@sakerhetspolisen.se,www.sakerhetspolisen.se,2022:1719,202100-6594,,,,,True,www.sakerhetspolisen.se,,True,False
202100-4896,SÖDERTÖRNS HÖGSKOLA,,141 89,HUDDINGE,ALFRED NOBELS ALLÉ 7,141 52,HUDDINGE,086084000,,registrator@sh.se,www.sh.se,1993:100,202100-4896,,,,,True,www.sh.se,,True,False
202100-5364,"Tandvårds-och läkemedelsförmånsverket, TLV",BOX 22520,104 22,STOCKHOLM,FLEMINGGATAN 14,112 26,STOCKHOLM,0856842050,,registrator@tlv.se,www.tlv.se,2007:1206,202100-5364,,,,,True,www.tlv.se,,True,False
202100-6149,TILLVÄXTVERKET,BOX 4044,102 61,STOCKHOLM,VÄSTGÖTAGATAN 5,118 27,STOCKHOLM,086819100,,tillvaxtverket@tillvaxtverket.se,www.tillvaxtverket.se,2009:145,202100-6149,,,,,True,www.tillvaxtverket.se,,True,False
202100-5182,"TOTALFÖRSVARETS FORSKNINGSINSTITUT, FOI",,164 90,Stockholm,GULLFOSSGATAN 6,164 40,KISTA,0855503000,,registrator@foi.se,www.foi.se,2024:1230,202100-5182,,,,,True,www.foi.se,,True,False
202100-4771,Totalförsvarets plikt- och prövningsverk,Box 31,651 02,KARLSTAD,Gustaf Anders Gata 13,653 40,KARLSTAD,0771244030,,registrator@pliktverket.se,www.pliktverket.se,2010:1472,202100-4771,,,,,True,www.pliktverket.se,,True,False
202100-6305,Trafikanalys,ROSENLUNDSGATAN 54,118 63,STOCKHOLM,ROSENLUNDSGATAN 54,118 63,STOCKHOLM,0104144200,,trafikanalys@trafa.se,www.trafa.se,2010:186,202100-6305,,,,,True,www.trafa.se,,True,False
202100-6297,Trafikverket,,781 89,BORLÄNGE,RÖDA VÄGEN 1,781 70,BORLÄNGE,0771921921,,trafikverket@trafikverket.se,www.trafikverket.se,2010:185,202100-6297,,,,,True,www.trafikverket.se,,True,False
202100-6099,Transportstyrelsen,,601 73,NORRKÖPING,OLAI KYRKOGATA 35,602 32,NORRKÖPING,0771503503,,kontakt@transportstyrelsen.se,www.transportstyrelsen.se,2008:1300,202100-6099,,,,,True,www.transportstyrelsen.se,,True,False
202100-0969,TULLVERKET,BOX 27311,102 54,STOCKHOLM,TEGELUDDSVÄGEN 100,115 28,STOCKHOLM,0771520520,,tullverket@tullverket.se,www.tullverket.se,2016:1332,202100-0969,,,,,True,www.tullverket.se,,True,False
202100-2874,UMEÅ UNIVERSITET,,901 87,UMEÅ,Universitetstorget 4  Samverkanshuset,907 36,UMEÅ,0907865000,,registrator@umu.se,www.umu.se,1993:100,202100-2874,,,,,True,www.umu.se,,True,False
202100-6487,Universitets- och högskolerådet,BOX 4030,171 04,SOLNA,SOLNA STRANDVÄG 132 B,171 54,SOLNA,0104700300,,registrator@uhr.se,www.uhr.se,2012:811,202100-6487,,,,,True,www.uhr.se,,True,False
202100-6495,Universitetskanslersämbetet,Box 6024,121 06,JOHANNESHOV,Hammarbybacken 31,121 45,JOHANNESHOV,,,registrator@uka.se,www.uka.se,2012:810,202100-6495,,,,,True,www.uka.se,,True,False
202100-6610,UPPHANDLINGSMYNDIGHETEN,Box 1194,171 23,SOLNA,Svetsarvägen 10,171 41,SOLNA,0858621700,,registrator@uhmynd.se,www.upphandlingsmyndigheten.se,2015:527,202100-6610,,,,,True,www.upphandlingsmyndigheten.se,,True,False
202100-2932,UPPSALA UNIVERSITET,BOX 256,751 05,UPPSALA,DAG HAMMARSKJÖLDS VÄG 7,752 37,UPPSALA,0184710000,,registrator@uu.se,www.uu.se,1993:100,202100-2932,,,,,True,www.uu.se,,True,False
202100-7071,UTBETALNINGSMYNDIGHETEN,KABYSSGATAN 4 D,120 30,STOCKHOLM,Hammarbybacken 31,120 30,STOCKHOLM,0101751240,,registrator@ubm.se,www.ubm.se,2023:461,202100-7071,,,,,True,www.ubm.se,,True,False
202100-6826,Utrikesförvaltningens antagningsnämnd,,103 33,STOCKHOLM,,000 00,STOCKHOLM,,,,,1991:360,202100-6826,,,,,True,,,False,False
202100-5281,VALMYNDIGHETEN,BOX 1010,171 21,SOLNA,,,,0105757000,,registrator@val.se,www.val.se,2007:977,202100-5281,,,,,True,www.val.se,,True,False
202100-5216,VERKET FÖR INNOVATIONSSYSTEM,,101 58,STOCKHOLM,MÄSTER SAMUELSGATAN 56,101 58,STOCKHOLM,084733000,,vinnova@vinnova.se,www.vinnova.se,2009:1101,202100-5216,,,,,True,www.vinnova.se,,True,False
202100-5208,VETENSKAPSRÅDET,BOX 1035,101 38,STOCKHOLM,HANTVERKARGATAN 11 B,112 21,STOCKHOLM,0854644000,,registrator@vr.se,www.vr.se,2009:975,202100-5208,,,,,True,www.vr.se,,True,False
202100-0084,ÅKLAGARMYNDIGHETEN,BOX 5553,114 85,STOCKHOLM,ÖSTERMALMSGATAN 87 c 3 tr,114 59,STOCKHOLM,0105625000,,registrator@aklagare.se,www.aklagare.se,2015:743,202100-0084,,,,,True,www.aklagare.se,,True,False
202100-2924,ÖREBRO UNIVERSITET,,701 82,ÖREBRO,FAKULTETSGATAN 1,702 81,ÖREBRO,019303000,,registrator@oru.se,www.oru.se,1993:100,202100-2924,,,,,True,www.oru.se,,True,False
202100-5463,ÖVERKLAGANDENÄMNDEN FÖR ETIKPRÖVNING,BOX 1035,101 38,STOCKHOLM,,,,0854677610,,kansli@onep.se,www.onep.se,2007:1068,202100-5463,,,,,True,www.onep.se,,True,False
202100-4375,ÖVERKLAGANDENÄMNDEN FÖR HÖGSKOLAN,BOX 6028,121 06,JOHANNESHOV,,,,0856308700,,onh@onh.se,www.onh.se,2007:991,202100-4375,,,,,True,www.onh.se,,True,False
202100-6024,Överklagandenämnden för nämndemannauppdrag,Box 714,851 21,SUNDSVALL,Södra Tjärngatan 2,852 33,SUNDSVALL,060186600,,overklagandenamnden@dom.se,www.kammarrattenisundsvall.se,2007:1081,202100-6024,,,,,True,www.kammarrattenisundsvall.se,,True,False
202100-5273,ÖVERKLAGANDENÄMNDEN FÖR STUDIESTÖD,BOX 110,871 23,HÄRNÖSAND,BACKGRÄND 9,871 32,HÄRNÖSAND,0611347500,,registrator@oks.se,www.oks.se,2007:1348,202100-5273,,,,,True,www.oks.se,,True,False
