lang,domain,count
sv,www.scb.se,43907
sv,geodata.scb.se,18729
fi,www.scb.se,7870
sv,www.statistikdatabasen.scb.se,6848
no,www.scb.se,6412
en,www.scb.se,4632
pl,www.scb.se,2498
it,www.scb.se,2101
de,www.scb.se,1350
en,share.scb.se,1309
ro,www.statistikdatabasen.scb.se,1212
hu,www.scb.se,1177
sv,share.scb.se,1155
da,kommunsiffror.scb.se,1148
fi,www.statistikdatabasen.scb.se,1111
de,www.statistikdatabasen.scb.se,849
es,www.statistikdatabasen.scb.se,788
ro,www.scb.se,686
sv,kommunsiffror.scb.se,661
es,www.scb.se,647
da,www.scb.se,578
pt,www.scb.se,477
ru,www.scb.se,433
en,www.statistikdatabasen.scb.se,392
tr,www.scb.se,382
nl,www.scb.se,342
nn,www.scb.se,334
is,www.scb.se,283
sv,www.ssd.scb.se,231
fi,geodata.scb.se,212
vi,www.scb.se,183
hr,www.scb.se,167
no,www.statistikdatabasen.scb.se,139
cs,www.scb.se,119
sv,www.gis.scb.se,101
pl,www.statistikdatabasen.scb.se,98
sv,www.sverigeisiffror.scb.se,98
fi,www.ssd.scb.se,86
ca,www.scb.se,80
se,www.scb.se,78
da,www.statistikdatabasen.scb.se,60
pl,www.sverigeisiffror.scb.se,53
ru,www.statistikdatabasen.scb.se,52
sv,scb.se,48
no,www.ssd.scb.se,46
sl,www.scb.se,44
sv,regina.scb.se,35
et,www.scb.se,35
lv,www.scb.se,26
is,www.ssd.scb.se,25
nn,www.ssd.scb.se,24
en,www.ssd.scb.se,23
no,www.myndighetsregistret.scb.se,23
en,scb.se,23
vi,www.ssd.scb.se,21
vi,www.statistikdatabasen.scb.se,19
pt,www.statistikdatabasen.scb.se,18
sk,www.scb.se,18
cs,www.statistikdatabasen.scb.se,18
eo,www.scb.se,17
no,scb.se,16
fi,share.scb.se,15
da,scb.se,13
sl,www.statistikdatabasen.scb.se,12
sv,www.myndighetsregistret.scb.se,11
es,share.scb.se,11
da,share.scb.se,10
fi,scb.se,10
ca,www.statistikdatabasen.scb.se,9
tr,www.statistikdatabasen.scb.se,9
pl,scb.se,9
ru,www.ssd.scb.se,9
de,share.scb.se,8
en,w41.scb.se,8
hu,www.statistikdatabasen.scb.se,8
sv,www.h.scb.se,7
it,scb.se,7
de,www.ssd.scb.se,7
en,www.sverigeisiffror.scb.se,7
hu,www.ssd.scb.se,7
is,www.statistikdatabasen.scb.se,6
pt,scb.se,6
it,www.ssd.scb.se,6
nl,www.ssd.scb.se,6
pt,www.sverigeisiffror.scb.se,6
it,www.statistikdatabasen.scb.se,6
pl,www.scb.se:80,5
fi,w36.scb.se,5
es,www.ssd.scb.se,5
et,www.statistikdatabasen.scb.se,5
so,www.scb.se,5
sv,myndighetsregistret.scb.se,4
ro,www.myndighetsregistret.scb.se,4
en,kommunsiffror.scb.se,4
ca,scb.se,4
de,www.h.scb.se,4
da,www.ssd.scb.se,4
rm,www.scb.se,4
hr,www.ssd.scb.se,3
cy,www.scb.se,3
en,geodata.scb.se,3
sv,www.h5.scb.se,3
de,www.pubkat.scb.se,3
nl,www.statistikdatabasen.scb.se,3
sv,www.pubkat.scb.se,3
pt,share.scb.se,3
nn,www.statistikdatabasen.scb.se,3
de,scb.se,3
sv,w42.ssd.scb.se,2
da,w41.scb.se,2
es,scb.se,2
fi,regina.scb.se,2
fi,www.gis.scb.se,2
pl,statistikdatabasen.scb.se,2
ru,scb.se,2
tr,scb.se,2
hr,scb.se,2
cs,kommunsiffror.scb.se,2
pl,www.pubkat.scb.se,2
da,www.h.scb.se,2
ceb,www.scb.se,2
ga,www.scb.se,2
en,www.pc-axis.scb.se,2
ca,www.ssd.scb.se,2
ro,www.ssd.scb.se,2
tr,www.ssd.scb.se,2
is,scb.se,1
lv,www.statistikdatabasen.scb.se,1
eo,www.statistikdatabasen.scb.se,1
eo,scb.se,1
et,scb.se,1
cs,www.ssd.scb.se,1
vi,scb.se,1
pt,www.ssd.scb.se,1
nl,scb.se,1
hr,www.statistikdatabasen.scb.se,1
hu,scb.se,1
sv,www.sni2007.scb.se,1
so,www.statistikdatabasen.scb.se,1
fi,www.sverigeisiffror.scb.se,1
en,www.scb.se:80,1
it,www.sverigeisiffror.scb.se,1
sv,www.rennaringsstatistik.scb.se,1
no,www.gis.scb.se,1
sv,www.pxweb.scb.se,1
sv,www.orestat.scb.se,1
da,www..scb.se,1
en,www.h6.scb.se,1
sv,www.intrastat.scb.se,1
hr,w41.scb.se,1
vi,w41.scb.se,1
ru,w41.scb.se,1
lv,www.ssd.scb.se,1
se,www.ssd.scb.se,1
pt,www.myndighetsregistret.scb.se,1
ru,w36.scb.se,1
en,www.gis.scb.se,1
en,www.orestat.scb.se,1
pl,sverigeisiffror.scb.se,1
vi,www.orestat.scb.se,1
fi,ssd.scb.se,1
sv,ssd.scb.se,1
sv,sni2007.scb.se,1
ca,share.scb.se,1
nn,share.scb.se,1
ru,share.scb.se,1
no,www..scb.se,1
sv,api.scb.se,1
ro,scb.se,1
en,api.scb.se,1
it,kommunsiffror.scb.se,1
pt,kommunsiffror.scb.se,1
ru,kommunsiffror.scb.se,1
fi,kommunsiffror.scb.se,1
fi,www.rennaringsstatistik.scb.se,0
it,www.pubkat.scb.se,0
rm,www.pc-axis.scb.se,0
cy,www.pc-axis.scb.se,0
ceb,www.pc-axis.scb.se,0
ga,www.pc-axis.scb.se,0
ro,myndighetsregistret.scb.se,0
fi,www.pubkat.scb.se,0
no,www.pubkat.scb.se,0
en,www.pubkat.scb.se,0
it,myndighetsregistret.scb.se,0
de,myndighetsregistret.scb.se,0
ro,www.pubkat.scb.se,0
sk,www.pc-axis.scb.se,0
da,www.pubkat.scb.se,0
es,www.pubkat.scb.se,0
hu,www.pubkat.scb.se,0
pt,www.pubkat.scb.se,0
ru,www.pubkat.scb.se,0
tr,www.pubkat.scb.se,0
nn,www.pubkat.scb.se,0
nl,www.pubkat.scb.se,0
is,www.pubkat.scb.se,0
vi,www.pubkat.scb.se,0
so,www.pc-axis.scb.se,0
eo,www.pc-axis.scb.se,0
en,myndighetsregistret.scb.se,0
ru,www.pc-axis.scb.se,0
no,www.pc-axis.scb.se,0
da,myndighetsregistret.scb.se,0
pl,www.pc-axis.scb.se,0
de,www.pc-axis.scb.se,0
it,www.pc-axis.scb.se,0
ro,www.pc-axis.scb.se,0
da,www.pc-axis.scb.se,0
es,www.pc-axis.scb.se,0
hu,www.pc-axis.scb.se,0
pt,www.pc-axis.scb.se,0
tr,www.pc-axis.scb.se,0
lv,www.pc-axis.scb.se,0
nn,www.pc-axis.scb.se,0
nl,www.pc-axis.scb.se,0
is,www.pc-axis.scb.se,0
vi,www.pc-axis.scb.se,0
hr,www.pc-axis.scb.se,0
cs,www.pc-axis.scb.se,0
ca,www.pc-axis.scb.se,0
se,www.pc-axis.scb.se,0
sl,www.pc-axis.scb.se,0
et,www.pc-axis.scb.se,0
hr,www.pubkat.scb.se,0
cs,www.pubkat.scb.se,0
ca,www.pubkat.scb.se,0
ca,www.pxweb.scb.se,0
pt,www.pxweb.scb.se,0
ru,www.pxweb.scb.se,0
tr,www.pxweb.scb.se,0
no,www.rennaringsstatistik.scb.se,0
nn,www.pxweb.scb.se,0
nl,www.pxweb.scb.se,0
is,www.pxweb.scb.se,0
vi,www.pxweb.scb.se,0
hr,www.pxweb.scb.se,0
cs,www.pxweb.scb.se,0
se,www.pxweb.scb.se,0
se,www.pubkat.scb.se,0
sl,www.pxweb.scb.se,0
et,www.pxweb.scb.se,0
lv,www.pxweb.scb.se,0
eo,www.pxweb.scb.se,0
sk,www.pxweb.scb.se,0
so,www.pxweb.scb.se,0
rm,www.pxweb.scb.se,0
cy,www.pxweb.scb.se,0
ceb,www.pxweb.scb.se,0
ga,www.pxweb.scb.se,0
hu,www.pxweb.scb.se,0
es,www.pxweb.scb.se,0
da,www.pxweb.scb.se,0
ro,www.pxweb.scb.se,0
sv,www.pc-axis.scb.se,0
sl,www.pubkat.scb.se,0
et,www.pubkat.scb.se,0
lv,www.pubkat.scb.se,0
de,www.rennaringsstatistik.scb.se,0
eo,www.pubkat.scb.se,0
sk,www.pubkat.scb.se,0
so,www.pubkat.scb.se,0
pl,www.rennaringsstatistik.scb.se,0
en,www.rennaringsstatistik.scb.se,0
rm,www.pubkat.scb.se,0
cy,www.pubkat.scb.se,0
ceb,www.pubkat.scb.se,0
ga,www.pubkat.scb.se,0
pl,myndighetsregistret.scb.se,0
fi,www.pxweb.scb.se,0
no,www.pxweb.scb.se,0
en,www.pxweb.scb.se,0
pl,www.pxweb.scb.se,0
de,www.pxweb.scb.se,0
it,www.pxweb.scb.se,0
fi,www.pc-axis.scb.se,0
ga,www.orestat.scb.se,0
ro,www.rennaringsstatistik.scb.se,0
nl,www.intrastat.scb.se,0
vi,www.intrastat.scb.se,0
hr,www.intrastat.scb.se,0
cs,www.intrastat.scb.se,0
ca,www.intrastat.scb.se,0
se,www.intrastat.scb.se,0
sl,www.intrastat.scb.se,0
et,www.intrastat.scb.se,0
lv,www.intrastat.scb.se,0
eo,www.intrastat.scb.se,0
sk,www.intrastat.scb.se,0
so,www.intrastat.scb.se,0
rm,www.intrastat.scb.se,0
cy,www.intrastat.scb.se,0
ceb,www.intrastat.scb.se,0
ga,www.intrastat.scb.se,0
nl,myndighetsregistret.scb.se,0
fi,www.myndighetsregistret.scb.se,0
nn,myndighetsregistret.scb.se,0
en,www.myndighetsregistret.scb.se,0
pl,www.myndighetsregistret.scb.se,0
de,www.myndighetsregistret.scb.se,0
it,www.myndighetsregistret.scb.se,0
tr,myndighetsregistret.scb.se,0
is,www.intrastat.scb.se,0
nn,www.intrastat.scb.se,0
es,www.myndighetsregistret.scb.se,0
tr,www.intrastat.scb.se,0
sl,www.h6.scb.se,0
et,www.h6.scb.se,0
lv,www.h6.scb.se,0
eo,www.h6.scb.se,0
sk,www.h6.scb.se,0
so,www.h6.scb.se,0
rm,www.h6.scb.se,0
cy,www.h6.scb.se,0
ceb,www.h6.scb.se,0
ga,www.h6.scb.se,0
is,myndighetsregistret.scb.se,0
fi,www.intrastat.scb.se,0
no,www.intrastat.scb.se,0
en,www.intrastat.scb.se,0
pl,www.intrastat.scb.se,0
de,www.intrastat.scb.se,0
it,www.intrastat.scb.se,0
ro,www.intrastat.scb.se,0
da,www.intrastat.scb.se,0
es,www.intrastat.scb.se,0
hu,www.intrastat.scb.se,0
pt,www.intrastat.scb.se,0
ru,www.intrastat.scb.se,0
da,www.myndighetsregistret.scb.se,0
hu,www.myndighetsregistret.scb.se,0
ceb,www.orestat.scb.se,0
de,www.orestat.scb.se,0
ro,www.orestat.scb.se,0
da,www.orestat.scb.se,0
es,www.orestat.scb.se,0
hu,www.orestat.scb.se,0
pt,www.orestat.scb.se,0
ru,www.orestat.scb.se,0
tr,www.orestat.scb.se,0
nn,www.orestat.scb.se,0
nl,www.orestat.scb.se,0
is,www.orestat.scb.se,0
es,myndighetsregistret.scb.se,0
hr,www.orestat.scb.se,0
cs,www.orestat.scb.se,0
ca,www.orestat.scb.se,0
se,www.orestat.scb.se,0
sl,www.orestat.scb.se,0
et,www.orestat.scb.se,0
lv,www.orestat.scb.se,0
eo,www.orestat.scb.se,0
sk,www.orestat.scb.se,0
so,www.orestat.scb.se,0
rm,www.orestat.scb.se,0
cy,www.orestat.scb.se,0
it,www.orestat.scb.se,0
pl,www.orestat.scb.se,0
ru,myndighetsregistret.scb.se,0
hu,myndighetsregistret.scb.se,0
ru,www.myndighetsregistret.scb.se,0
tr,www.myndighetsregistret.scb.se,0
nn,www.myndighetsregistret.scb.se,0
nl,www.myndighetsregistret.scb.se,0
is,www.myndighetsregistret.scb.se,0
vi,www.myndighetsregistret.scb.se,0
hr,www.myndighetsregistret.scb.se,0
cs,www.myndighetsregistret.scb.se,0
ca,www.myndighetsregistret.scb.se,0
se,www.myndighetsregistret.scb.se,0
sl,www.myndighetsregistret.scb.se,0
et,www.myndighetsregistret.scb.se,0
lv,www.myndighetsregistret.scb.se,0
eo,www.myndighetsregistret.scb.se,0
sk,www.myndighetsregistret.scb.se,0
so,www.myndighetsregistret.scb.se,0
rm,www.myndighetsregistret.scb.se,0
cy,www.myndighetsregistret.scb.se,0
ceb,www.myndighetsregistret.scb.se,0
ga,www.myndighetsregistret.scb.se,0
pt,myndighetsregistret.scb.se,0
fi,www.orestat.scb.se,0
no,www.orestat.scb.se,0
it,www.rennaringsstatistik.scb.se,0
hu,www.rennaringsstatistik.scb.se,0
da,www.rennaringsstatistik.scb.se,0
et,api.scb.se,0
es,geodata.scb.se,0
da,geodata.scb.se,0
ro,geodata.scb.se,0
it,geodata.scb.se,0
sl,www.ssd.scb.se,0
et,www.ssd.scb.se,0
de,geodata.scb.se,0
eo,www.ssd.scb.se,0
sk,www.ssd.scb.se,0
so,www.ssd.scb.se,0
rm,www.ssd.scb.se,0
cy,www.ssd.scb.se,0
ceb,www.ssd.scb.se,0
ga,www.ssd.scb.se,0
pl,geodata.scb.se,0
no,geodata.scb.se,0
ga,api.scb.se,0
ceb,api.scb.se,0
cy,api.scb.se,0
rm,api.scb.se,0
so,api.scb.se,0
sk,api.scb.se,0
eo,api.scb.se,0
hu,geodata.scb.se,0
pt,geodata.scb.se,0
ru,geodata.scb.se,0
lv,geodata.scb.se,0
lv,www.sni2007.scb.se,0
eo,www.sni2007.scb.se,0
sk,www.sni2007.scb.se,0
so,www.sni2007.scb.se,0
rm,www.sni2007.scb.se,0
cy,www.sni2007.scb.se,0
ceb,www.sni2007.scb.se,0
ga,www.sni2007.scb.se,0
sk,geodata.scb.se,0
eo,geodata.scb.se,0
et,geodata.scb.se,0
tr,geodata.scb.se,0
pl,www.ssd.scb.se,0
sl,geodata.scb.se,0
se,geodata.scb.se,0
ca,geodata.scb.se,0
cs,geodata.scb.se,0
hr,geodata.scb.se,0
vi,geodata.scb.se,0
is,geodata.scb.se,0
nl,geodata.scb.se,0
nn,geodata.scb.se,0
lv,api.scb.se,0
sl,api.scb.se,0
sl,www.sni2007.scb.se,0
se,api.scb.se,0
da,www.sverigeisiffror.scb.se,0
es,www.sverigeisiffror.scb.se,0
hu,www.sverigeisiffror.scb.se,0
no,api.scb.se,0
ru,www.sverigeisiffror.scb.se,0
tr,www.sverigeisiffror.scb.se,0
nn,www.sverigeisiffror.scb.se,0
nl,www.sverigeisiffror.scb.se,0
is,www.sverigeisiffror.scb.se,0
vi,www.sverigeisiffror.scb.se,0
hr,www.sverigeisiffror.scb.se,0
cs,www.sverigeisiffror.scb.se,0
ca,www.sverigeisiffror.scb.se,0
se,www.sverigeisiffror.scb.se,0
sl,www.sverigeisiffror.scb.se,0
et,www.sverigeisiffror.scb.se,0
lv,www.sverigeisiffror.scb.se,0
eo,www.sverigeisiffror.scb.se,0
sk,www.sverigeisiffror.scb.se,0
so,www.sverigeisiffror.scb.se,0
rm,www.sverigeisiffror.scb.se,0
cy,www.sverigeisiffror.scb.se,0
ceb,www.sverigeisiffror.scb.se,0
ro,www.sverigeisiffror.scb.se,0
de,www.sverigeisiffror.scb.se,0
pl,api.scb.se,0
pt,api.scb.se,0
ca,api.scb.se,0
cs,api.scb.se,0
hr,api.scb.se,0
vi,api.scb.se,0
is,api.scb.se,0
nl,api.scb.se,0
nn,api.scb.se,0
tr,api.scb.se,0
se,www.statistikdatabasen.scb.se,0
ru,api.scb.se,0
hu,api.scb.se,0
de,api.scb.se,0
es,api.scb.se,0
sk,www.statistikdatabasen.scb.se,0
da,api.scb.se,0
rm,www.statistikdatabasen.scb.se,0
cy,www.statistikdatabasen.scb.se,0
ceb,www.statistikdatabasen.scb.se,0
ga,www.statistikdatabasen.scb.se,0
ro,api.scb.se,0
it,api.scb.se,0
no,www.sverigeisiffror.scb.se,0
et,www.sni2007.scb.se,0
se,www.sni2007.scb.se,0
es,www.rennaringsstatistik.scb.se,0
sv,www.scb.se:80,0
cy,kommunsiffror.scb.se,0
rm,kommunsiffror.scb.se,0
so,kommunsiffror.scb.se,0
sk,kommunsiffror.scb.se,0
eo,kommunsiffror.scb.se,0
lv,kommunsiffror.scb.se,0
et,kommunsiffror.scb.se,0
sl,kommunsiffror.scb.se,0
se,kommunsiffror.scb.se,0
ca,kommunsiffror.scb.se,0
hr,kommunsiffror.scb.se,0
vi,kommunsiffror.scb.se,0
is,kommunsiffror.scb.se,0
nl,kommunsiffror.scb.se,0
nn,kommunsiffror.scb.se,0
tr,kommunsiffror.scb.se,0
hu,kommunsiffror.scb.se,0
es,kommunsiffror.scb.se,0
ro,kommunsiffror.scb.se,0
de,kommunsiffror.scb.se,0
pl,kommunsiffror.scb.se,0
no,kommunsiffror.scb.se,0
ga,geodata.scb.se,0
ceb,kommunsiffror.scb.se,0
ga,kommunsiffror.scb.se,0
fi,myndighetsregistret.scb.se,0
ca,www.rennaringsstatistik.scb.se,0
ga,regina.scb.se,0
pt,www.rennaringsstatistik.scb.se,0
ru,www.rennaringsstatistik.scb.se,0
tr,www.rennaringsstatistik.scb.se,0
nn,www.rennaringsstatistik.scb.se,0
nl,www.rennaringsstatistik.scb.se,0
is,www.rennaringsstatistik.scb.se,0
vi,www.rennaringsstatistik.scb.se,0
hr,www.rennaringsstatistik.scb.se,0
cs,www.rennaringsstatistik.scb.se,0
se,www.rennaringsstatistik.scb.se,0
no,myndighetsregistret.scb.se,0
sl,www.rennaringsstatistik.scb.se,0
et,www.rennaringsstatistik.scb.se,0
lv,www.rennaringsstatistik.scb.se,0
eo,www.rennaringsstatistik.scb.se,0
sk,www.rennaringsstatistik.scb.se,0
so,www.rennaringsstatistik.scb.se,0
rm,www.rennaringsstatistik.scb.se,0
cy,www.rennaringsstatistik.scb.se,0
ceb,www.rennaringsstatistik.scb.se,0
ga,www.rennaringsstatistik.scb.se,0
ceb,geodata.scb.se,0
fi,www.scb.se:80,0
ca,www.sni2007.scb.se,0
no,www.scb.se:80,0
cy,www.scb.se:80,0
ceb,www.scb.se:80,0
ga,www.scb.se:80,0
so,geodata.scb.se,0
fi,www.sni2007.scb.se,0
no,www.sni2007.scb.se,0
en,www.sni2007.scb.se,0
pl,www.sni2007.scb.se,0
de,www.sni2007.scb.se,0
it,www.sni2007.scb.se,0
ro,www.sni2007.scb.se,0
da,www.sni2007.scb.se,0
es,www.sni2007.scb.se,0
hu,www.sni2007.scb.se,0
pt,www.sni2007.scb.se,0
ru,www.sni2007.scb.se,0
tr,www.sni2007.scb.se,0
nn,www.sni2007.scb.se,0
nl,www.sni2007.scb.se,0
is,www.sni2007.scb.se,0
vi,www.sni2007.scb.se,0
hr,www.sni2007.scb.se,0
cs,www.sni2007.scb.se,0
rm,www.scb.se:80,0
so,www.scb.se:80,0
sk,www.scb.se:80,0
tr,www.scb.se:80,0
cy,geodata.scb.se,0
rm,geodata.scb.se,0
de,www.scb.se:80,0
it,www.scb.se:80,0
ro,www.scb.se:80,0
da,www.scb.se:80,0
es,www.scb.se:80,0
hu,www.scb.se:80,0
pt,www.scb.se:80,0
ru,www.scb.se:80,0
nn,www.scb.se:80,0
eo,www.scb.se:80,0
nl,www.scb.se:80,0
is,www.scb.se:80,0
vi,www.scb.se:80,0
hr,www.scb.se:80,0
cs,www.scb.se:80,0
ca,www.scb.se:80,0
se,www.scb.se:80,0
sl,www.scb.se:80,0
et,www.scb.se:80,0
lv,www.scb.se:80,0
se,www.h6.scb.se,0
ca,www.h6.scb.se,0
cs,www.h6.scb.se,0
nn,statistikdatabasen.scb.se,0
is,statistikdatabasen.scb.se,0
vi,statistikdatabasen.scb.se,0
hr,statistikdatabasen.scb.se,0
cs,statistikdatabasen.scb.se,0
ca,statistikdatabasen.scb.se,0
se,statistikdatabasen.scb.se,0
sl,statistikdatabasen.scb.se,0
et,statistikdatabasen.scb.se,0
lv,statistikdatabasen.scb.se,0
eo,statistikdatabasen.scb.se,0
sk,statistikdatabasen.scb.se,0
so,statistikdatabasen.scb.se,0
rm,statistikdatabasen.scb.se,0
cy,statistikdatabasen.scb.se,0
ceb,statistikdatabasen.scb.se,0
ga,statistikdatabasen.scb.se,0
sv,sverigeisiffror.scb.se,0
fi,sverigeisiffror.scb.se,0
no,sverigeisiffror.scb.se,0
en,sverigeisiffror.scb.se,0
de,regina.scb.se,0
de,sverigeisiffror.scb.se,0
it,sverigeisiffror.scb.se,0
nl,statistikdatabasen.scb.se,0
tr,statistikdatabasen.scb.se,0
cs,ssd.scb.se,0
ru,statistikdatabasen.scb.se,0
se,ssd.scb.se,0
sl,ssd.scb.se,0
et,ssd.scb.se,0
lv,ssd.scb.se,0
eo,ssd.scb.se,0
sk,ssd.scb.se,0
so,ssd.scb.se,0
rm,ssd.scb.se,0
cy,ssd.scb.se,0
ceb,ssd.scb.se,0
ga,ssd.scb.se,0
sv,statistikdatabasen.scb.se,0
fi,statistikdatabasen.scb.se,0
no,statistikdatabasen.scb.se,0
en,statistikdatabasen.scb.se,0
it,regina.scb.se,0
de,statistikdatabasen.scb.se,0
it,statistikdatabasen.scb.se,0
ro,statistikdatabasen.scb.se,0
da,statistikdatabasen.scb.se,0
es,statistikdatabasen.scb.se,0
hu,statistikdatabasen.scb.se,0
pt,statistikdatabasen.scb.se,0
ro,sverigeisiffror.scb.se,0
da,sverigeisiffror.scb.se,0
es,sverigeisiffror.scb.se,0
hu,sverigeisiffror.scb.se,0
de,w36.scb.se,0
it,w36.scb.se,0
ro,w36.scb.se,0
da,w36.scb.se,0
es,w36.scb.se,0
hu,w36.scb.se,0
pt,w36.scb.se,0
en,regina.scb.se,0
tr,w36.scb.se,0
nn,w36.scb.se,0
nl,w36.scb.se,0
is,w36.scb.se,0
vi,w36.scb.se,0
hr,w36.scb.se,0
cs,w36.scb.se,0
ca,w36.scb.se,0
se,w36.scb.se,0
sl,w36.scb.se,0
et,w36.scb.se,0
lv,w36.scb.se,0
eo,w36.scb.se,0
sk,w36.scb.se,0
so,w36.scb.se,0
pl,w36.scb.se,0
en,w36.scb.se,0
no,w36.scb.se,0
se,sverigeisiffror.scb.se,0
pt,sverigeisiffror.scb.se,0
ru,sverigeisiffror.scb.se,0
tr,sverigeisiffror.scb.se,0
nn,sverigeisiffror.scb.se,0
nl,sverigeisiffror.scb.se,0
is,sverigeisiffror.scb.se,0
vi,sverigeisiffror.scb.se,0
hr,sverigeisiffror.scb.se,0
cs,sverigeisiffror.scb.se,0
ca,sverigeisiffror.scb.se,0
sl,sverigeisiffror.scb.se,0
pl,regina.scb.se,0
et,sverigeisiffror.scb.se,0
lv,sverigeisiffror.scb.se,0
eo,sverigeisiffror.scb.se,0
sk,sverigeisiffror.scb.se,0
so,sverigeisiffror.scb.se,0
rm,sverigeisiffror.scb.se,0
cy,sverigeisiffror.scb.se,0
ceb,sverigeisiffror.scb.se,0
ga,sverigeisiffror.scb.se,0
sv,w36.scb.se,0
ca,ssd.scb.se,0
hr,ssd.scb.se,0
cy,w36.scb.se,0
vi,regina.scb.se,0
is,regina.scb.se,0
it,share.scb.se,0
ro,share.scb.se,0
nl,regina.scb.se,0
nn,regina.scb.se,0
hu,share.scb.se,0
tr,regina.scb.se,0
ru,regina.scb.se,0
tr,share.scb.se,0
pt,regina.scb.se,0
nl,share.scb.se,0
is,share.scb.se,0
vi,share.scb.se,0
hr,share.scb.se,0
cs,share.scb.se,0
hu,regina.scb.se,0
se,share.scb.se,0
sl,share.scb.se,0
et,share.scb.se,0
lv,share.scb.se,0
eo,share.scb.se,0
sk,share.scb.se,0
so,share.scb.se,0
pl,share.scb.se,0
no,share.scb.se,0
vi,ssd.scb.se,0
hr,regina.scb.se,0
ceb,regina.scb.se,0
cy,regina.scb.se,0
rm,regina.scb.se,0
so,regina.scb.se,0
nn,scb.se,0
sk,regina.scb.se,0
eo,regina.scb.se,0
lv,regina.scb.se,0
et,regina.scb.se,0
cs,scb.se,0
sl,regina.scb.se,0
se,scb.se,0
sl,scb.se,0
se,regina.scb.se,0
lv,scb.se,0
ca,regina.scb.se,0
sk,scb.se,0
so,scb.se,0
rm,scb.se,0
cy,scb.se,0
ceb,scb.se,0
ga,scb.se,0
cs,regina.scb.se,0
rm,share.scb.se,0
cy,share.scb.se,0
ceb,share.scb.se,0
ga,share.scb.se,0
sk,sni2007.scb.se,0
so,sni2007.scb.se,0
rm,sni2007.scb.se,0
cy,sni2007.scb.se,0
ceb,sni2007.scb.se,0
ga,sni2007.scb.se,0
da,regina.scb.se,0
ro,regina.scb.se,0
no,ssd.scb.se,0
en,ssd.scb.se,0
pl,ssd.scb.se,0
de,ssd.scb.se,0
it,ssd.scb.se,0
ro,ssd.scb.se,0
da,ssd.scb.se,0
es,ssd.scb.se,0
hu,ssd.scb.se,0
pt,ssd.scb.se,0
ru,ssd.scb.se,0
tr,ssd.scb.se,0
nn,ssd.scb.se,0
nl,ssd.scb.se,0
is,ssd.scb.se,0
eo,sni2007.scb.se,0
lv,sni2007.scb.se,0
et,sni2007.scb.se,0
hu,sni2007.scb.se,0
es,regina.scb.se,0
fi,sni2007.scb.se,0
no,sni2007.scb.se,0
en,sni2007.scb.se,0
pl,sni2007.scb.se,0
de,sni2007.scb.se,0
it,sni2007.scb.se,0
ro,sni2007.scb.se,0
da,sni2007.scb.se,0
es,sni2007.scb.se,0
pt,sni2007.scb.se,0
sl,sni2007.scb.se,0
ru,sni2007.scb.se,0
tr,sni2007.scb.se,0
nn,sni2007.scb.se,0
nl,sni2007.scb.se,0
is,sni2007.scb.se,0
vi,sni2007.scb.se,0
hr,sni2007.scb.se,0
cs,sni2007.scb.se,0
ca,sni2007.scb.se,0
se,sni2007.scb.se,0
rm,w36.scb.se,0
ceb,w36.scb.se,0
hr,www.h6.scb.se,0
pl,www.h.scb.se,0
it,www.h.scb.se,0
ro,www.h.scb.se,0
cs,myndighetsregistret.scb.se,0
es,www.h.scb.se,0
hu,www.h.scb.se,0
pt,www.h.scb.se,0
ru,www.h.scb.se,0
tr,www.h.scb.se,0
nn,www.h.scb.se,0
nl,www.h.scb.se,0
is,www.h.scb.se,0
vi,www.h.scb.se,0
hr,www.h.scb.se,0
cs,www.h.scb.se,0
ca,www.h.scb.se,0
se,www.h.scb.se,0
sl,www.h.scb.se,0
et,www.h.scb.se,0
lv,www.h.scb.se,0
eo,www.h.scb.se,0
sk,www.h.scb.se,0
so,www.h.scb.se,0
rm,www.h.scb.se,0
ca,myndighetsregistret.scb.se,0
en,www.h.scb.se,0
es,www.gis.scb.se,0
no,www.h.scb.se,0
pt,www.gis.scb.se,0
ru,www.gis.scb.se,0
tr,www.gis.scb.se,0
nn,www.gis.scb.se,0
nl,www.gis.scb.se,0
is,www.gis.scb.se,0
vi,www.gis.scb.se,0
hr,www.gis.scb.se,0
cs,www.gis.scb.se,0
ca,www.gis.scb.se,0
se,www.gis.scb.se,0
sl,www.gis.scb.se,0
et,www.gis.scb.se,0
lv,www.gis.scb.se,0
eo,www.gis.scb.se,0
sk,www.gis.scb.se,0
so,www.gis.scb.se,0
rm,www.gis.scb.se,0
cy,www.gis.scb.se,0
ceb,www.gis.scb.se,0
ga,www.gis.scb.se,0
fi,api.scb.se,0
fi,www.h.scb.se,0
cy,www.h.scb.se,0
ceb,www.h.scb.se,0
ga,www.h.scb.se,0
hr,myndighetsregistret.scb.se,0
so,www.h5.scb.se,0
rm,www.h5.scb.se,0
cy,www.h5.scb.se,0
ceb,www.h5.scb.se,0
ga,www.h5.scb.se,0
sv,www.h6.scb.se,0
fi,www.h6.scb.se,0
no,www.h6.scb.se,0
vi,myndighetsregistret.scb.se,0
pl,www.h6.scb.se,0
de,www.h6.scb.se,0
it,www.h6.scb.se,0
ro,www.h6.scb.se,0
da,www.h6.scb.se,0
es,www.h6.scb.se,0
hu,www.h6.scb.se,0
pt,www.h6.scb.se,0
ru,www.h6.scb.se,0
tr,www.h6.scb.se,0
nn,www.h6.scb.se,0
nl,www.h6.scb.se,0
is,www.h6.scb.se,0
vi,www.h6.scb.se,0
sk,www.h5.scb.se,0
eo,www.h5.scb.se,0
lv,www.h5.scb.se,0
pt,www.h5.scb.se,0
fi,www.h5.scb.se,0
no,www.h5.scb.se,0
en,www.h5.scb.se,0
pl,www.h5.scb.se,0
de,www.h5.scb.se,0
it,www.h5.scb.se,0
ro,www.h5.scb.se,0
da,www.h5.scb.se,0
es,www.h5.scb.se,0
hu,www.h5.scb.se,0
ru,www.h5.scb.se,0
et,www.h5.scb.se,0
tr,www.h5.scb.se,0
nn,www.h5.scb.se,0
nl,www.h5.scb.se,0
is,www.h5.scb.se,0
vi,www.h5.scb.se,0
hr,www.h5.scb.se,0
cs,www.h5.scb.se,0
ca,www.h5.scb.se,0
se,www.h5.scb.se,0
sl,www.h5.scb.se,0
hu,www.gis.scb.se,0
da,www.gis.scb.se,0
ga,w36.scb.se,0
eo,w41.scb.se,0
so,w41.scb.se,0
rm,w41.scb.se,0
cy,w41.scb.se,0
ceb,w41.scb.se,0
ga,w41.scb.se,0
so,myndighetsregistret.scb.se,0
fi,w42.ssd.scb.se,0
no,w42.ssd.scb.se,0
en,w42.ssd.scb.se,0
pl,w42.ssd.scb.se,0
de,w42.ssd.scb.se,0
it,w42.ssd.scb.se,0
ro,w42.ssd.scb.se,0
da,w42.ssd.scb.se,0
es,w42.ssd.scb.se,0
hu,w42.ssd.scb.se,0
pt,w42.ssd.scb.se,0
ru,w42.ssd.scb.se,0
tr,w42.ssd.scb.se,0
nn,w42.ssd.scb.se,0
nl,w42.ssd.scb.se,0
is,w42.ssd.scb.se,0
vi,w42.ssd.scb.se,0
sk,w41.scb.se,0
lv,w41.scb.se,0
ro,www.gis.scb.se,0
et,w41.scb.se,0
sv,w41.scb.se,0
fi,w41.scb.se,0
no,w41.scb.se,0
no,regina.scb.se,0
pl,w41.scb.se,0
de,w41.scb.se,0
it,w41.scb.se,0
ro,w41.scb.se,0
ga,myndighetsregistret.scb.se,0
es,w41.scb.se,0
hu,w41.scb.se,0
pt,w41.scb.se,0
ceb,myndighetsregistret.scb.se,0
tr,w41.scb.se,0
nn,w41.scb.se,0
nl,w41.scb.se,0
is,w41.scb.se,0
cy,myndighetsregistret.scb.se,0
rm,myndighetsregistret.scb.se,0
cs,w41.scb.se,0
ca,w41.scb.se,0
se,w41.scb.se,0
sl,w41.scb.se,0
hr,w42.ssd.scb.se,0
cs,w42.ssd.scb.se,0
ca,w42.ssd.scb.se,0
se,w42.ssd.scb.se,0
is,www..scb.se,0
vi,www..scb.se,0
hr,www..scb.se,0
cs,www..scb.se,0
ca,www..scb.se,0
se,www..scb.se,0
sl,www..scb.se,0
et,www..scb.se,0
lv,www..scb.se,0
eo,www..scb.se,0
sk,www..scb.se,0
so,www..scb.se,0
rm,www..scb.se,0
cy,www..scb.se,0
ceb,www..scb.se,0
ga,www..scb.se,0
lv,myndighetsregistret.scb.se,0
et,myndighetsregistret.scb.se,0
sl,myndighetsregistret.scb.se,0
se,myndighetsregistret.scb.se,0
pl,www.gis.scb.se,0
de,www.gis.scb.se,0
it,www.gis.scb.se,0
nl,www..scb.se,0
nn,www..scb.se,0
tr,www..scb.se,0
sv,www..scb.se,0
sl,w42.ssd.scb.se,0
et,w42.ssd.scb.se,0
lv,w42.ssd.scb.se,0
eo,w42.ssd.scb.se,0
sk,w42.ssd.scb.se,0
so,w42.ssd.scb.se,0
rm,w42.ssd.scb.se,0
cy,w42.ssd.scb.se,0
ceb,w42.ssd.scb.se,0
ga,w42.ssd.scb.se,0
fi,www..scb.se,0
ru,www..scb.se,0
sk,myndighetsregistret.scb.se,0
en,www..scb.se,0
pl,www..scb.se,0
de,www..scb.se,0
it,www..scb.se,0
ro,www..scb.se,0
eo,myndighetsregistret.scb.se,0
es,www..scb.se,0
hu,www..scb.se,0
pt,www..scb.se,0
ga,www.sverigeisiffror.scb.se,0
