lang,page_title,url,wiki_link,status,reason,final_url,ia_url,ia_status
en,Swedish Fortifications Agency,http://www.statskontoret.se/upload/publikationer/2005/2005106.pdf,https://en.wikipedia.org/wiki/Swedish_Fortifications_Agency,dead,HTTP 404,http://www.statskontoret.se/upload/publikationer/2005/2005106.pdf,,missing
en,E-government in Europe,http://www.statskontoret.se/upload/Publikationer/2000/200041.pdf,https://en.wikipedia.org/wiki/E-government_in_Europe,dead,HTTP 404,http://www.statskontoret.se/upload/Publikationer/2000/200041.pdf,http://web.archive.org/web/20240910130641/https://www.statskontoret.se/upload/Publikationer/2000/200041.pdf,available
en,User:Kipitis/temporanee,http://www.statskontoret.se/in-english/publications/2010/a-survey-of-exclusive-rights-or-arrangements/,https://en.wikipedia.org/wiki/User:Kipitis/temporanee,dead,HTTP 404,http://www.statskontoret.se/in-english/publications/2010/a-survey-of-exclusive-rights-or-arrangements/,,missing
en,User:1Kwords/sandbox,http://www.statskontoret.se/globalassets/publikationer/2004/200418.pdf,https://en.wikipedia.org/wiki/User:1Kwords/sandbox,dead,HTTP 404,http://www.statskontoret.se/globalassets/publikationer/2004/200418.pdf,http://web.archive.org/web/20250428134625/https://www.statskontoret.se/globalassets/publikationer/2004/200418.pdf,available
en,List of failed and overbudget custom software projects,https://www.statskontoret.se/siteassets/publikationer/2010/201014.pdf,https://en.wikipedia.org/wiki/List_of_failed_and_overbudget_custom_software_projects,ok,,https://www.statskontoret.se/siteassets/publikationer/2010/201014.pdf,http://web.archive.org/web/20251126234350/https://www.statskontoret.se/siteassets/publikationer/2010/201014.pdf,available
en,Swedish Agency for Youth and Civil Society,https://www.statskontoret.se/nyheter/mucf-behover-skarpa-kontrollen-av-statsbidrag-till-ideella-organisationer/,https://en.wikipedia.org/wiki/Swedish_Agency_for_Youth_and_Civil_Society,dead,HTTP 404,https://www.statskontoret.se/nyheter/mucf-behover-skarpa-kontrollen-av-statsbidrag-till-ideella-organisationer/,http://web.archive.org/web/20210803183238/https://www.statskontoret.se/nyheter/mucf-behover-skarpa-kontrollen-av-statsbidrag-till-ideella-organisationer/,available
en,Swedish Agency for Youth and Civil Society,https://www.statskontoret.se/globalassets/publikationer/2017/201713.pdf,https://en.wikipedia.org/wiki/Swedish_Agency_for_Youth_and_Civil_Society,dead,HTTP 404,https://www.statskontoret.se/globalassets/publikationer/2017/201713.pdf,http://web.archive.org/web/20250117202402/https://www.statskontoret.se/globalassets/publikationer/2017/201713.pdf,available
fi,Per capsulam,http://www.statskontoret.se/upload/Publikationer/1999/199903.pdf,https://fi.wikipedia.org/wiki/Per_capsulam,dead,HTTP 404,http://www.statskontoret.se/upload/Publikationer/1999/199903.pdf,http://web.archive.org/web/20210308123723/https://www.statskontoret.se/upload/Publikationer/1999/199903.pdf,available
no,Statskontoret (Sverige),http://www.statskontoret.se/,https://no.wikipedia.org/wiki/Statskontoret_(Sverige),dead,HTTP 404,http://www.statskontoret.se/,,missing
no,Läkemedelsverket,https://www.statskontoret.se/contentassets/73dfde44d5bc4cffaace77dd47226c69/arsarbetskrafter-i-staten-oppna-data_webben.xlsx,https://no.wikipedia.org/wiki/Läkemedelsverket,dead,HTTP 404,https://www.statskontoret.se/contentassets/73dfde44d5bc4cffaace77dd47226c69/arsarbetskrafter-i-staten-oppna-data_webben.xlsx,http://web.archive.org/web/20250909092515/https://www.statskontoret.se/contentassets/73dfde44d5bc4cffaace77dd47226c69/arsarbetskrafter-i-staten-oppna-data_webben.xlsx,available
no,Bolagsverket,https://www.statskontoret.se/contentassets/73dfde44d5bc4cffaace77dd47226c69/arsarbetskrafter-i-staten-oppna-data_webben.xlsx,https://no.wikipedia.org/wiki/Bolagsverket,dead,HTTP 404,https://www.statskontoret.se/contentassets/73dfde44d5bc4cffaace77dd47226c69/arsarbetskrafter-i-staten-oppna-data_webben.xlsx,http://web.archive.org/web/20250909092515/https://www.statskontoret.se/contentassets/73dfde44d5bc4cffaace77dd47226c69/arsarbetskrafter-i-staten-oppna-data_webben.xlsx,available
no,Spelinspektionen,https://www.statskontoret.se/contentassets/73dfde44d5bc4cffaace77dd47226c69/arsarbetskrafter-i-staten-oppna-data_webben.xlsx,https://no.wikipedia.org/wiki/Spelinspektionen,dead,HTTP 404,https://www.statskontoret.se/contentassets/73dfde44d5bc4cffaace77dd47226c69/arsarbetskrafter-i-staten-oppna-data_webben.xlsx,http://web.archive.org/web/20250909092515/https://www.statskontoret.se/contentassets/73dfde44d5bc4cffaace77dd47226c69/arsarbetskrafter-i-staten-oppna-data_webben.xlsx,available
no,Svenska kraftnät,https://www.statskontoret.se/contentassets/73dfde44d5bc4cffaace77dd47226c69/arsarbetskrafter-i-staten-oppna-data_webben.xlsx,https://no.wikipedia.org/wiki/Svenska_kraftnät,dead,HTTP 404,https://www.statskontoret.se/contentassets/73dfde44d5bc4cffaace77dd47226c69/arsarbetskrafter-i-staten-oppna-data_webben.xlsx,http://web.archive.org/web/20250909092515/https://www.statskontoret.se/contentassets/73dfde44d5bc4cffaace77dd47226c69/arsarbetskrafter-i-staten-oppna-data_webben.xlsx,available
no,Åklagarmyndigheten (Sverige),https://www.statskontoret.se/contentassets/73dfde44d5bc4cffaace77dd47226c69/arsarbetskrafter-i-staten-oppna-data_webben.xlsx,https://no.wikipedia.org/wiki/Åklagarmyndigheten_(Sverige),dead,HTTP 404,https://www.statskontoret.se/contentassets/73dfde44d5bc4cffaace77dd47226c69/arsarbetskrafter-i-staten-oppna-data_webben.xlsx,http://web.archive.org/web/20250909092515/https://www.statskontoret.se/contentassets/73dfde44d5bc4cffaace77dd47226c69/arsarbetskrafter-i-staten-oppna-data_webben.xlsx,available
no,Säkerhetspolisen,https://www.statskontoret.se/contentassets/73dfde44d5bc4cffaace77dd47226c69/arsarbetskrafter-i-staten-oppna-data_webben.xlsx,https://no.wikipedia.org/wiki/Säkerhetspolisen,dead,HTTP 404,https://www.statskontoret.se/contentassets/73dfde44d5bc4cffaace77dd47226c69/arsarbetskrafter-i-staten-oppna-data_webben.xlsx,http://web.archive.org/web/20250909092515/https://www.statskontoret.se/contentassets/73dfde44d5bc4cffaace77dd47226c69/arsarbetskrafter-i-staten-oppna-data_webben.xlsx,available
no,Kustbevakningen,https://www.statskontoret.se/contentassets/73dfde44d5bc4cffaace77dd47226c69/arsarbetskrafter-i-staten-oppna-data_webben.xlsx,https://no.wikipedia.org/wiki/Kustbevakningen,dead,HTTP 404,https://www.statskontoret.se/contentassets/73dfde44d5bc4cffaace77dd47226c69/arsarbetskrafter-i-staten-oppna-data_webben.xlsx,http://web.archive.org/web/20250909092515/https://www.statskontoret.se/contentassets/73dfde44d5bc4cffaace77dd47226c69/arsarbetskrafter-i-staten-oppna-data_webben.xlsx,available
no,Kriminalvården,https://www.statskontoret.se/contentassets/73dfde44d5bc4cffaace77dd47226c69/arsarbetskrafter-i-staten-oppna-data_webben.xlsx,https://no.wikipedia.org/wiki/Kriminalvården,dead,HTTP 404,https://www.statskontoret.se/contentassets/73dfde44d5bc4cffaace77dd47226c69/arsarbetskrafter-i-staten-oppna-data_webben.xlsx,http://web.archive.org/web/20250909092515/https://www.statskontoret.se/contentassets/73dfde44d5bc4cffaace77dd47226c69/arsarbetskrafter-i-staten-oppna-data_webben.xlsx,available
no,Försvarets radioanstalt,https://www.statskontoret.se/contentassets/73dfde44d5bc4cffaace77dd47226c69/arsarbetskrafter-i-staten-oppna-data_webben.xlsx,https://no.wikipedia.org/wiki/Försvarets_radioanstalt,dead,HTTP 404,https://www.statskontoret.se/contentassets/73dfde44d5bc4cffaace77dd47226c69/arsarbetskrafter-i-staten-oppna-data_webben.xlsx,http://web.archive.org/web/20250909092515/https://www.statskontoret.se/contentassets/73dfde44d5bc4cffaace77dd47226c69/arsarbetskrafter-i-staten-oppna-data_webben.xlsx,available
no,Migrationsverket (Sverige),https://www.statskontoret.se/contentassets/73dfde44d5bc4cffaace77dd47226c69/arsarbetskrafter-i-staten-oppna-data_webben.xlsx,https://no.wikipedia.org/wiki/Migrationsverket_(Sverige),dead,HTTP 404,https://www.statskontoret.se/contentassets/73dfde44d5bc4cffaace77dd47226c69/arsarbetskrafter-i-staten-oppna-data_webben.xlsx,http://web.archive.org/web/20250909092515/https://www.statskontoret.se/contentassets/73dfde44d5bc4cffaace77dd47226c69/arsarbetskrafter-i-staten-oppna-data_webben.xlsx,available
no,Rättsmedicinalverket,https://www.statskontoret.se/contentassets/73dfde44d5bc4cffaace77dd47226c69/arsarbetskrafter-i-staten-oppna-data_webben.xlsx,https://no.wikipedia.org/wiki/Rättsmedicinalverket,dead,HTTP 404,https://www.statskontoret.se/contentassets/73dfde44d5bc4cffaace77dd47226c69/arsarbetskrafter-i-staten-oppna-data_webben.xlsx,http://web.archive.org/web/20250909092515/https://www.statskontoret.se/contentassets/73dfde44d5bc4cffaace77dd47226c69/arsarbetskrafter-i-staten-oppna-data_webben.xlsx,available
no,Luftfartsverket (Sverige),https://www.statskontoret.se/contentassets/73dfde44d5bc4cffaace77dd47226c69/arsarbetskrafter-i-staten-oppna-data_webben.xlsx,https://no.wikipedia.org/wiki/Luftfartsverket_(Sverige),dead,HTTP 404,https://www.statskontoret.se/contentassets/73dfde44d5bc4cffaace77dd47226c69/arsarbetskrafter-i-staten-oppna-data_webben.xlsx,http://web.archive.org/web/20250909092515/https://www.statskontoret.se/contentassets/73dfde44d5bc4cffaace77dd47226c69/arsarbetskrafter-i-staten-oppna-data_webben.xlsx,available
no,Regeringskansliet,https://www.statskontoret.se/contentassets/73dfde44d5bc4cffaace77dd47226c69/arsarbetskrafter-i-staten-oppna-data_webben.xlsx,https://no.wikipedia.org/wiki/Regeringskansliet,dead,HTTP 404,https://www.statskontoret.se/contentassets/73dfde44d5bc4cffaace77dd47226c69/arsarbetskrafter-i-staten-oppna-data_webben.xlsx,http://web.archive.org/web/20250909092515/https://www.statskontoret.se/contentassets/73dfde44d5bc4cffaace77dd47226c69/arsarbetskrafter-i-staten-oppna-data_webben.xlsx,available
no,Försvarets materielverk,https://www.statskontoret.se/contentassets/73dfde44d5bc4cffaace77dd47226c69/arsarbetskrafter-i-staten-oppna-data_webben.xlsx,https://no.wikipedia.org/wiki/Försvarets_materielverk,dead,HTTP 404,https://www.statskontoret.se/contentassets/73dfde44d5bc4cffaace77dd47226c69/arsarbetskrafter-i-staten-oppna-data_webben.xlsx,http://web.archive.org/web/20250909092515/https://www.statskontoret.se/contentassets/73dfde44d5bc4cffaace77dd47226c69/arsarbetskrafter-i-staten-oppna-data_webben.xlsx,available
no,Skatteverket,https://www.statskontoret.se/contentassets/73dfde44d5bc4cffaace77dd47226c69/arsarbetskrafter-i-staten-oppna-data_webben.xlsx,https://no.wikipedia.org/wiki/Skatteverket,dead,HTTP 404,https://www.statskontoret.se/contentassets/73dfde44d5bc4cffaace77dd47226c69/arsarbetskrafter-i-staten-oppna-data_webben.xlsx,http://web.archive.org/web/20250909092515/https://www.statskontoret.se/contentassets/73dfde44d5bc4cffaace77dd47226c69/arsarbetskrafter-i-staten-oppna-data_webben.xlsx,available
no,Tullverket,https://www.statskontoret.se/contentassets/73dfde44d5bc4cffaace77dd47226c69/arsarbetskrafter-i-staten-oppna-data_webben.xlsx,https://no.wikipedia.org/wiki/Tullverket,dead,HTTP 404,https://www.statskontoret.se/contentassets/73dfde44d5bc4cffaace77dd47226c69/arsarbetskrafter-i-staten-oppna-data_webben.xlsx,http://web.archive.org/web/20250909092515/https://www.statskontoret.se/contentassets/73dfde44d5bc4cffaace77dd47226c69/arsarbetskrafter-i-staten-oppna-data_webben.xlsx,available
no,Kronofogdemyndigheten,https://www.statskontoret.se/contentassets/73dfde44d5bc4cffaace77dd47226c69/arsarbetskrafter-i-staten-oppna-data_webben.xlsx,https://no.wikipedia.org/wiki/Kronofogdemyndigheten,dead,HTTP 404,https://www.statskontoret.se/contentassets/73dfde44d5bc4cffaace77dd47226c69/arsarbetskrafter-i-staten-oppna-data_webben.xlsx,http://web.archive.org/web/20250909092515/https://www.statskontoret.se/contentassets/73dfde44d5bc4cffaace77dd47226c69/arsarbetskrafter-i-staten-oppna-data_webben.xlsx,available
no,Sveriges meteorologiska och hydrologiska institut,https://www.statskontoret.se/contentassets/73dfde44d5bc4cffaace77dd47226c69/arsarbetskrafter-i-staten-oppna-data_webben.xlsx,https://no.wikipedia.org/wiki/Sveriges_meteorologiska_och_hydrologiska_institut,dead,HTTP 404,https://www.statskontoret.se/contentassets/73dfde44d5bc4cffaace77dd47226c69/arsarbetskrafter-i-staten-oppna-data_webben.xlsx,http://web.archive.org/web/20250909092515/https://www.statskontoret.se/contentassets/73dfde44d5bc4cffaace77dd47226c69/arsarbetskrafter-i-staten-oppna-data_webben.xlsx,available
no,Stockholms tingsrätt,https://www.statskontoret.se/contentassets/73dfde44d5bc4cffaace77dd47226c69/arsarbetskrafter-i-staten-oppna-data_webben.xlsx,https://no.wikipedia.org/wiki/Stockholms_tingsrätt,dead,HTTP 404,https://www.statskontoret.se/contentassets/73dfde44d5bc4cffaace77dd47226c69/arsarbetskrafter-i-staten-oppna-data_webben.xlsx,http://web.archive.org/web/20250909092515/https://www.statskontoret.se/contentassets/73dfde44d5bc4cffaace77dd47226c69/arsarbetskrafter-i-staten-oppna-data_webben.xlsx,available
no,Svea hovrätt,https://www.statskontoret.se/contentassets/73dfde44d5bc4cffaace77dd47226c69/arsarbetskrafter-i-staten-oppna-data_webben.xlsx,https://no.wikipedia.org/wiki/Svea_hovrätt,dead,HTTP 404,https://www.statskontoret.se/contentassets/73dfde44d5bc4cffaace77dd47226c69/arsarbetskrafter-i-staten-oppna-data_webben.xlsx,http://web.archive.org/web/20250909092515/https://www.statskontoret.se/contentassets/73dfde44d5bc4cffaace77dd47226c69/arsarbetskrafter-i-staten-oppna-data_webben.xlsx,available
no,Högsta domstolen (Sverige),https://www.statskontoret.se/contentassets/73dfde44d5bc4cffaace77dd47226c69/arsarbetskrafter-i-staten-oppna-data_webben.xlsx,https://no.wikipedia.org/wiki/Högsta_domstolen_(Sverige),dead,HTTP 404,https://www.statskontoret.se/contentassets/73dfde44d5bc4cffaace77dd47226c69/arsarbetskrafter-i-staten-oppna-data_webben.xlsx,http://web.archive.org/web/20250909092515/https://www.statskontoret.se/contentassets/73dfde44d5bc4cffaace77dd47226c69/arsarbetskrafter-i-staten-oppna-data_webben.xlsx,available
no,Post- och telestyrelsen,https://www.statskontoret.se/contentassets/73dfde44d5bc4cffaace77dd47226c69/arsarbetskrafter-i-staten-oppna-data_webben.xlsx,https://no.wikipedia.org/wiki/Post-_och_telestyrelsen,dead,HTTP 404,https://www.statskontoret.se/contentassets/73dfde44d5bc4cffaace77dd47226c69/arsarbetskrafter-i-staten-oppna-data_webben.xlsx,http://web.archive.org/web/20250909092515/https://www.statskontoret.se/contentassets/73dfde44d5bc4cffaace77dd47226c69/arsarbetskrafter-i-staten-oppna-data_webben.xlsx,available
no,Patent- och registreringsverket,https://www.statskontoret.se/contentassets/73dfde44d5bc4cffaace77dd47226c69/arsarbetskrafter-i-staten-oppna-data_webben.xlsx,https://no.wikipedia.org/wiki/Patent-_och_registreringsverket,dead,HTTP 404,https://www.statskontoret.se/contentassets/73dfde44d5bc4cffaace77dd47226c69/arsarbetskrafter-i-staten-oppna-data_webben.xlsx,http://web.archive.org/web/20250909092515/https://www.statskontoret.se/contentassets/73dfde44d5bc4cffaace77dd47226c69/arsarbetskrafter-i-staten-oppna-data_webben.xlsx,available
no,Göta hovrätt,https://www.statskontoret.se/contentassets/73dfde44d5bc4cffaace77dd47226c69/arsarbetskrafter-i-staten-oppna-data_webben.xlsx,https://no.wikipedia.org/wiki/Göta_hovrätt,dead,HTTP 404,https://www.statskontoret.se/contentassets/73dfde44d5bc4cffaace77dd47226c69/arsarbetskrafter-i-staten-oppna-data_webben.xlsx,http://web.archive.org/web/20250909092515/https://www.statskontoret.se/contentassets/73dfde44d5bc4cffaace77dd47226c69/arsarbetskrafter-i-staten-oppna-data_webben.xlsx,available
no,Trafikverket (Sverige),https://www.statskontoret.se/contentassets/73dfde44d5bc4cffaace77dd47226c69/arsarbetskrafter-i-staten-oppna-data_webben.xlsx,https://no.wikipedia.org/wiki/Trafikverket_(Sverige),dead,HTTP 404,https://www.statskontoret.se/contentassets/73dfde44d5bc4cffaace77dd47226c69/arsarbetskrafter-i-staten-oppna-data_webben.xlsx,http://web.archive.org/web/20250909092515/https://www.statskontoret.se/contentassets/73dfde44d5bc4cffaace77dd47226c69/arsarbetskrafter-i-staten-oppna-data_webben.xlsx,available
no,Brottsoffermyndigheten,https://www.statskontoret.se/contentassets/73dfde44d5bc4cffaace77dd47226c69/arsarbetskrafter-i-staten-oppna-data_webben.xlsx,https://no.wikipedia.org/wiki/Brottsoffermyndigheten,dead,HTTP 404,https://www.statskontoret.se/contentassets/73dfde44d5bc4cffaace77dd47226c69/arsarbetskrafter-i-staten-oppna-data_webben.xlsx,http://web.archive.org/web/20250909092515/https://www.statskontoret.se/contentassets/73dfde44d5bc4cffaace77dd47226c69/arsarbetskrafter-i-staten-oppna-data_webben.xlsx,available
no,Försvarsunderrättelsedomstolen,https://www.statskontoret.se/contentassets/73dfde44d5bc4cffaace77dd47226c69/arsarbetskrafter-i-staten-oppna-data_webben.xlsx,https://no.wikipedia.org/wiki/Försvarsunderrättelsedomstolen,dead,HTTP 404,https://www.statskontoret.se/contentassets/73dfde44d5bc4cffaace77dd47226c69/arsarbetskrafter-i-staten-oppna-data_webben.xlsx,http://web.archive.org/web/20250909092515/https://www.statskontoret.se/contentassets/73dfde44d5bc4cffaace77dd47226c69/arsarbetskrafter-i-staten-oppna-data_webben.xlsx,available
no,Högsta förvaltningsdomstolen (Sverige),https://www.statskontoret.se/contentassets/73dfde44d5bc4cffaace77dd47226c69/arsarbetskrafter-i-staten-oppna-data_webben.xlsx,https://no.wikipedia.org/wiki/Högsta_förvaltningsdomstolen_(Sverige),dead,HTTP 404,https://www.statskontoret.se/contentassets/73dfde44d5bc4cffaace77dd47226c69/arsarbetskrafter-i-staten-oppna-data_webben.xlsx,http://web.archive.org/web/20250909092515/https://www.statskontoret.se/contentassets/73dfde44d5bc4cffaace77dd47226c69/arsarbetskrafter-i-staten-oppna-data_webben.xlsx,available
no,Riksgjeldskontoret,https://www.statskontoret.se/contentassets/73dfde44d5bc4cffaace77dd47226c69/arsarbetskrafter-i-staten-oppna-data_webben.xlsx,https://no.wikipedia.org/wiki/Riksgjeldskontoret,dead,HTTP 404,https://www.statskontoret.se/contentassets/73dfde44d5bc4cffaace77dd47226c69/arsarbetskrafter-i-staten-oppna-data_webben.xlsx,http://web.archive.org/web/20250909092515/https://www.statskontoret.se/contentassets/73dfde44d5bc4cffaace77dd47226c69/arsarbetskrafter-i-staten-oppna-data_webben.xlsx,available
no,Statens haverikommission,https://www.statskontoret.se/contentassets/73dfde44d5bc4cffaace77dd47226c69/arsarbetskrafter-i-staten-oppna-data_webben.xlsx,https://no.wikipedia.org/wiki/Statens_haverikommission,dead,HTTP 404,https://www.statskontoret.se/contentassets/73dfde44d5bc4cffaace77dd47226c69/arsarbetskrafter-i-staten-oppna-data_webben.xlsx,http://web.archive.org/web/20250909092515/https://www.statskontoret.se/contentassets/73dfde44d5bc4cffaace77dd47226c69/arsarbetskrafter-i-staten-oppna-data_webben.xlsx,available
no,Ekobrottsmyndigheten,https://www.statskontoret.se/contentassets/73dfde44d5bc4cffaace77dd47226c69/arsarbetskrafter-i-staten-oppna-data_webben.xlsx,https://no.wikipedia.org/wiki/Ekobrottsmyndigheten,dead,HTTP 404,https://www.statskontoret.se/contentassets/73dfde44d5bc4cffaace77dd47226c69/arsarbetskrafter-i-staten-oppna-data_webben.xlsx,http://web.archive.org/web/20250909092515/https://www.statskontoret.se/contentassets/73dfde44d5bc4cffaace77dd47226c69/arsarbetskrafter-i-staten-oppna-data_webben.xlsx,available
no,Rymdstyrelsen,https://www.statskontoret.se/contentassets/73dfde44d5bc4cffaace77dd47226c69/arsarbetskrafter-i-staten-oppna-data_webben.xlsx,https://no.wikipedia.org/wiki/Rymdstyrelsen,dead,HTTP 404,https://www.statskontoret.se/contentassets/73dfde44d5bc4cffaace77dd47226c69/arsarbetskrafter-i-staten-oppna-data_webben.xlsx,http://web.archive.org/web/20250909092515/https://www.statskontoret.se/contentassets/73dfde44d5bc4cffaace77dd47226c69/arsarbetskrafter-i-staten-oppna-data_webben.xlsx,available
no,Vetenskapsrådet,https://www.statskontoret.se/contentassets/73dfde44d5bc4cffaace77dd47226c69/arsarbetskrafter-i-staten-oppna-data_webben.xlsx,https://no.wikipedia.org/wiki/Vetenskapsrådet,dead,HTTP 404,https://www.statskontoret.se/contentassets/73dfde44d5bc4cffaace77dd47226c69/arsarbetskrafter-i-staten-oppna-data_webben.xlsx,http://web.archive.org/web/20250909092515/https://www.statskontoret.se/contentassets/73dfde44d5bc4cffaace77dd47226c69/arsarbetskrafter-i-staten-oppna-data_webben.xlsx,available
no,Polismyndigheten,https://www.statskontoret.se/contentassets/73dfde44d5bc4cffaace77dd47226c69/arsarbetskrafter-i-staten-oppna-data_webben.xlsx,https://no.wikipedia.org/wiki/Polismyndigheten,dead,HTTP 404,https://www.statskontoret.se/contentassets/73dfde44d5bc4cffaace77dd47226c69/arsarbetskrafter-i-staten-oppna-data_webben.xlsx,http://web.archive.org/web/20250909092515/https://www.statskontoret.se/contentassets/73dfde44d5bc4cffaace77dd47226c69/arsarbetskrafter-i-staten-oppna-data_webben.xlsx,available
no,Inspektionen för vård och omsorg,https://www.statskontoret.se/contentassets/73dfde44d5bc4cffaace77dd47226c69/arsarbetskrafter-i-staten-oppna-data_webben.xlsx,https://no.wikipedia.org/wiki/Inspektionen_för_vård_och_omsorg,dead,HTTP 404,https://www.statskontoret.se/contentassets/73dfde44d5bc4cffaace77dd47226c69/arsarbetskrafter-i-staten-oppna-data_webben.xlsx,http://web.archive.org/web/20250909092515/https://www.statskontoret.se/contentassets/73dfde44d5bc4cffaace77dd47226c69/arsarbetskrafter-i-staten-oppna-data_webben.xlsx,available
no,Naturvårdsverket,https://www.statskontoret.se/contentassets/73dfde44d5bc4cffaace77dd47226c69/arsarbetskrafter-i-staten-oppna-data_webben.xlsx,https://no.wikipedia.org/wiki/Naturvårdsverket,dead,HTTP 404,https://www.statskontoret.se/contentassets/73dfde44d5bc4cffaace77dd47226c69/arsarbetskrafter-i-staten-oppna-data_webben.xlsx,http://web.archive.org/web/20250909092515/https://www.statskontoret.se/contentassets/73dfde44d5bc4cffaace77dd47226c69/arsarbetskrafter-i-staten-oppna-data_webben.xlsx,available
no,Hovrätten för Övre Norrland,https://www.statskontoret.se/contentassets/73dfde44d5bc4cffaace77dd47226c69/arsarbetskrafter-i-staten-oppna-data_webben.xlsx,https://no.wikipedia.org/wiki/Hovrätten_för_Övre_Norrland,dead,HTTP 404,https://www.statskontoret.se/contentassets/73dfde44d5bc4cffaace77dd47226c69/arsarbetskrafter-i-staten-oppna-data_webben.xlsx,http://web.archive.org/web/20250909092515/https://www.statskontoret.se/contentassets/73dfde44d5bc4cffaace77dd47226c69/arsarbetskrafter-i-staten-oppna-data_webben.xlsx,available
no,Universitetskanslersämbetet,https://www.statskontoret.se/contentassets/73dfde44d5bc4cffaace77dd47226c69/arsarbetskrafter-i-staten-oppna-data_webben.xlsx,https://no.wikipedia.org/wiki/Universitetskanslersämbetet,dead,HTTP 404,https://www.statskontoret.se/contentassets/73dfde44d5bc4cffaace77dd47226c69/arsarbetskrafter-i-staten-oppna-data_webben.xlsx,http://web.archive.org/web/20250909092515/https://www.statskontoret.se/contentassets/73dfde44d5bc4cffaace77dd47226c69/arsarbetskrafter-i-staten-oppna-data_webben.xlsx,available
no,Valmyndigheten,https://www.statskontoret.se/contentassets/73dfde44d5bc4cffaace77dd47226c69/arsarbetskrafter-i-staten-oppna-data_webben.xlsx,https://no.wikipedia.org/wiki/Valmyndigheten,dead,HTTP 404,https://www.statskontoret.se/contentassets/73dfde44d5bc4cffaace77dd47226c69/arsarbetskrafter-i-staten-oppna-data_webben.xlsx,http://web.archive.org/web/20250909092515/https://www.statskontoret.se/contentassets/73dfde44d5bc4cffaace77dd47226c69/arsarbetskrafter-i-staten-oppna-data_webben.xlsx,available
no,Konkurrensverket,https://www.statskontoret.se/contentassets/73dfde44d5bc4cffaace77dd47226c69/arsarbetskrafter-i-staten-oppna-data_webben.xlsx,https://no.wikipedia.org/wiki/Konkurrensverket,dead,HTTP 404,https://www.statskontoret.se/contentassets/73dfde44d5bc4cffaace77dd47226c69/arsarbetskrafter-i-staten-oppna-data_webben.xlsx,http://web.archive.org/web/20250909092515/https://www.statskontoret.se/contentassets/73dfde44d5bc4cffaace77dd47226c69/arsarbetskrafter-i-staten-oppna-data_webben.xlsx,available
no,Transportstyrelsen,https://www.statskontoret.se/contentassets/73dfde44d5bc4cffaace77dd47226c69/arsarbetskrafter-i-staten-oppna-data_webben.xlsx,https://no.wikipedia.org/wiki/Transportstyrelsen,dead,HTTP 404,https://www.statskontoret.se/contentassets/73dfde44d5bc4cffaace77dd47226c69/arsarbetskrafter-i-staten-oppna-data_webben.xlsx,http://web.archive.org/web/20250909092515/https://www.statskontoret.se/contentassets/73dfde44d5bc4cffaace77dd47226c69/arsarbetskrafter-i-staten-oppna-data_webben.xlsx,available
no,Skogsstyrelsen,https://www.statskontoret.se/contentassets/73dfde44d5bc4cffaace77dd47226c69/arsarbetskrafter-i-staten-oppna-data_webben.xlsx,https://no.wikipedia.org/wiki/Skogsstyrelsen,dead,HTTP 404,https://www.statskontoret.se/contentassets/73dfde44d5bc4cffaace77dd47226c69/arsarbetskrafter-i-staten-oppna-data_webben.xlsx,http://web.archive.org/web/20250909092515/https://www.statskontoret.se/contentassets/73dfde44d5bc4cffaace77dd47226c69/arsarbetskrafter-i-staten-oppna-data_webben.xlsx,available
no,Livsmedelsverket,https://www.statskontoret.se/contentassets/73dfde44d5bc4cffaace77dd47226c69/arsarbetskrafter-i-staten-oppna-data_webben.xlsx,https://no.wikipedia.org/wiki/Livsmedelsverket,dead,HTTP 404,https://www.statskontoret.se/contentassets/73dfde44d5bc4cffaace77dd47226c69/arsarbetskrafter-i-staten-oppna-data_webben.xlsx,http://web.archive.org/web/20250909092515/https://www.statskontoret.se/contentassets/73dfde44d5bc4cffaace77dd47226c69/arsarbetskrafter-i-staten-oppna-data_webben.xlsx,available
no,Kommerskollegium,https://www.statskontoret.se/contentassets/73dfde44d5bc4cffaace77dd47226c69/arsarbetskrafter-i-staten-oppna-data_webben.xlsx,https://no.wikipedia.org/wiki/Kommerskollegium,dead,HTTP 404,https://www.statskontoret.se/contentassets/73dfde44d5bc4cffaace77dd47226c69/arsarbetskrafter-i-staten-oppna-data_webben.xlsx,http://web.archive.org/web/20250909092515/https://www.statskontoret.se/contentassets/73dfde44d5bc4cffaace77dd47226c69/arsarbetskrafter-i-staten-oppna-data_webben.xlsx,available
no,Domstolsverket,https://www.statskontoret.se/contentassets/73dfde44d5bc4cffaace77dd47226c69/arsarbetskrafter-i-staten-oppna-data_webben.xlsx,https://no.wikipedia.org/wiki/Domstolsverket,dead,HTTP 404,https://www.statskontoret.se/contentassets/73dfde44d5bc4cffaace77dd47226c69/arsarbetskrafter-i-staten-oppna-data_webben.xlsx,http://web.archive.org/web/20250909092515/https://www.statskontoret.se/contentassets/73dfde44d5bc4cffaace77dd47226c69/arsarbetskrafter-i-staten-oppna-data_webben.xlsx,available
no,Statens institutionsstyrelse,https://www.statskontoret.se/contentassets/73dfde44d5bc4cffaace77dd47226c69/arsarbetskrafter-i-staten-oppna-data_webben.xlsx,https://no.wikipedia.org/wiki/Statens_institutionsstyrelse,dead,HTTP 404,https://www.statskontoret.se/contentassets/73dfde44d5bc4cffaace77dd47226c69/arsarbetskrafter-i-staten-oppna-data_webben.xlsx,http://web.archive.org/web/20250909092515/https://www.statskontoret.se/contentassets/73dfde44d5bc4cffaace77dd47226c69/arsarbetskrafter-i-staten-oppna-data_webben.xlsx,available
no,Statens servicecenter,https://www.statskontoret.se/contentassets/73dfde44d5bc4cffaace77dd47226c69/arsarbetskrafter-i-staten-oppna-data_webben.xlsx,https://no.wikipedia.org/wiki/Statens_servicecenter,dead,HTTP 404,https://www.statskontoret.se/contentassets/73dfde44d5bc4cffaace77dd47226c69/arsarbetskrafter-i-staten-oppna-data_webben.xlsx,http://web.archive.org/web/20250909092515/https://www.statskontoret.se/contentassets/73dfde44d5bc4cffaace77dd47226c69/arsarbetskrafter-i-staten-oppna-data_webben.xlsx,available
no,EHälsomyndigheten,https://www.statskontoret.se/contentassets/73dfde44d5bc4cffaace77dd47226c69/arsarbetskrafter-i-staten-oppna-data_webben.xlsx,https://no.wikipedia.org/wiki/EHälsomyndigheten,dead,HTTP 404,https://www.statskontoret.se/contentassets/73dfde44d5bc4cffaace77dd47226c69/arsarbetskrafter-i-staten-oppna-data_webben.xlsx,http://web.archive.org/web/20250909092515/https://www.statskontoret.se/contentassets/73dfde44d5bc4cffaace77dd47226c69/arsarbetskrafter-i-staten-oppna-data_webben.xlsx,available
no,Finansinspektionen (Sverige),https://www.statskontoret.se/contentassets/73dfde44d5bc4cffaace77dd47226c69/arsarbetskrafter-i-staten-oppna-data_webben.xlsx,https://no.wikipedia.org/wiki/Finansinspektionen_(Sverige),dead,HTTP 404,https://www.statskontoret.se/contentassets/73dfde44d5bc4cffaace77dd47226c69/arsarbetskrafter-i-staten-oppna-data_webben.xlsx,http://web.archive.org/web/20250909092515/https://www.statskontoret.se/contentassets/73dfde44d5bc4cffaace77dd47226c69/arsarbetskrafter-i-staten-oppna-data_webben.xlsx,available
no,Totalförsvarets forskningsinstitut,https://www.statskontoret.se/contentassets/73dfde44d5bc4cffaace77dd47226c69/arsarbetskrafter-i-staten-oppna-data_webben.xlsx,https://no.wikipedia.org/wiki/Totalförsvarets_forskningsinstitut,dead,HTTP 404,https://www.statskontoret.se/contentassets/73dfde44d5bc4cffaace77dd47226c69/arsarbetskrafter-i-staten-oppna-data_webben.xlsx,http://web.archive.org/web/20250909092515/https://www.statskontoret.se/contentassets/73dfde44d5bc4cffaace77dd47226c69/arsarbetskrafter-i-staten-oppna-data_webben.xlsx,available
no,Statens inspektion för försvarsunderrättelseverksamheten,https://www.statskontoret.se/contentassets/73dfde44d5bc4cffaace77dd47226c69/arsarbetskrafter-i-staten-oppna-data_webben.xlsx,https://no.wikipedia.org/wiki/Statens_inspektion_för_försvarsunderrättelseverksamheten,dead,HTTP 404,https://www.statskontoret.se/contentassets/73dfde44d5bc4cffaace77dd47226c69/arsarbetskrafter-i-staten-oppna-data_webben.xlsx,http://web.archive.org/web/20250909092515/https://www.statskontoret.se/contentassets/73dfde44d5bc4cffaace77dd47226c69/arsarbetskrafter-i-staten-oppna-data_webben.xlsx,available
no,Fortifikationsverket,https://www.statskontoret.se/contentassets/73dfde44d5bc4cffaace77dd47226c69/arsarbetskrafter-i-staten-oppna-data_webben.xlsx,https://no.wikipedia.org/wiki/Fortifikationsverket,dead,HTTP 404,https://www.statskontoret.se/contentassets/73dfde44d5bc4cffaace77dd47226c69/arsarbetskrafter-i-staten-oppna-data_webben.xlsx,http://web.archive.org/web/20250909092515/https://www.statskontoret.se/contentassets/73dfde44d5bc4cffaace77dd47226c69/arsarbetskrafter-i-staten-oppna-data_webben.xlsx,available
no,Myndigheten för delaktighet,https://www.statskontoret.se/contentassets/73dfde44d5bc4cffaace77dd47226c69/arsarbetskrafter-i-staten-oppna-data_webben.xlsx,https://no.wikipedia.org/wiki/Myndigheten_för_delaktighet,dead,HTTP 404,https://www.statskontoret.se/contentassets/73dfde44d5bc4cffaace77dd47226c69/arsarbetskrafter-i-staten-oppna-data_webben.xlsx,http://web.archive.org/web/20250909092515/https://www.statskontoret.se/contentassets/73dfde44d5bc4cffaace77dd47226c69/arsarbetskrafter-i-staten-oppna-data_webben.xlsx,available
no,Fastighetsmäklarinspektionen,https://www.statskontoret.se/contentassets/73dfde44d5bc4cffaace77dd47226c69/arsarbetskrafter-i-staten-oppna-data_webben.xlsx,https://no.wikipedia.org/wiki/Fastighetsmäklarinspektionen,dead,HTTP 404,https://www.statskontoret.se/contentassets/73dfde44d5bc4cffaace77dd47226c69/arsarbetskrafter-i-staten-oppna-data_webben.xlsx,http://web.archive.org/web/20250909092515/https://www.statskontoret.se/contentassets/73dfde44d5bc4cffaace77dd47226c69/arsarbetskrafter-i-staten-oppna-data_webben.xlsx,available
no,Folkhälsomyndigheten,https://www.statskontoret.se/contentassets/73dfde44d5bc4cffaace77dd47226c69/arsarbetskrafter-i-staten-oppna-data_webben.xlsx,https://no.wikipedia.org/wiki/Folkhälsomyndigheten,dead,HTTP 404,https://www.statskontoret.se/contentassets/73dfde44d5bc4cffaace77dd47226c69/arsarbetskrafter-i-staten-oppna-data_webben.xlsx,http://web.archive.org/web/20250909092515/https://www.statskontoret.se/contentassets/73dfde44d5bc4cffaace77dd47226c69/arsarbetskrafter-i-staten-oppna-data_webben.xlsx,available
no,Diskrimineringsombudsmannen,https://www.statskontoret.se/contentassets/73dfde44d5bc4cffaace77dd47226c69/arsarbetskrafter-i-staten-oppna-data_webben.xlsx,https://no.wikipedia.org/wiki/Diskrimineringsombudsmannen,dead,HTTP 404,https://www.statskontoret.se/contentassets/73dfde44d5bc4cffaace77dd47226c69/arsarbetskrafter-i-staten-oppna-data_webben.xlsx,http://web.archive.org/web/20250909092515/https://www.statskontoret.se/contentassets/73dfde44d5bc4cffaace77dd47226c69/arsarbetskrafter-i-staten-oppna-data_webben.xlsx,available
no,Integritetsskyddsmyndigheten,https://www.statskontoret.se/contentassets/73dfde44d5bc4cffaace77dd47226c69/arsarbetskrafter-i-staten-oppna-data_webben.xlsx,https://no.wikipedia.org/wiki/Integritetsskyddsmyndigheten,dead,HTTP 404,https://www.statskontoret.se/contentassets/73dfde44d5bc4cffaace77dd47226c69/arsarbetskrafter-i-staten-oppna-data_webben.xlsx,http://web.archive.org/web/20250909092515/https://www.statskontoret.se/contentassets/73dfde44d5bc4cffaace77dd47226c69/arsarbetskrafter-i-staten-oppna-data_webben.xlsx,available
no,Mediemyndigheten,https://www.statskontoret.se/contentassets/73dfde44d5bc4cffaace77dd47226c69/arsarbetskrafter-i-staten-oppna-data_webben.xlsx,https://no.wikipedia.org/wiki/Mediemyndigheten,dead,HTTP 404,https://www.statskontoret.se/contentassets/73dfde44d5bc4cffaace77dd47226c69/arsarbetskrafter-i-staten-oppna-data_webben.xlsx,http://web.archive.org/web/20250909092515/https://www.statskontoret.se/contentassets/73dfde44d5bc4cffaace77dd47226c69/arsarbetskrafter-i-staten-oppna-data_webben.xlsx,available
no,Myndigheten för säkerhet och integritets­skydd,https://www.statskontoret.se/contentassets/73dfde44d5bc4cffaace77dd47226c69/arsarbetskrafter-i-staten-oppna-data_webben.xlsx,https://no.wikipedia.org/wiki/Myndigheten_för_säkerhet_och_integritets­skydd,dead,HTTP 404,https://www.statskontoret.se/contentassets/73dfde44d5bc4cffaace77dd47226c69/arsarbetskrafter-i-staten-oppna-data_webben.xlsx,http://web.archive.org/web/20250909092515/https://www.statskontoret.se/contentassets/73dfde44d5bc4cffaace77dd47226c69/arsarbetskrafter-i-staten-oppna-data_webben.xlsx,available
no,Myndigheten för civilt försvar,https://www.statskontoret.se/contentassets/73dfde44d5bc4cffaace77dd47226c69/arsarbetskrafter-i-staten-oppna-data_webben.xlsx,https://no.wikipedia.org/wiki/Myndigheten_för_civilt_försvar,dead,HTTP 404,https://www.statskontoret.se/contentassets/73dfde44d5bc4cffaace77dd47226c69/arsarbetskrafter-i-staten-oppna-data_webben.xlsx,http://web.archive.org/web/20250909092515/https://www.statskontoret.se/contentassets/73dfde44d5bc4cffaace77dd47226c69/arsarbetskrafter-i-staten-oppna-data_webben.xlsx,available
ro,Institutul Karolinska,https://www.statskontoret.se/contentassets/73dfde44d5bc4cffaace77dd47226c69/arsarbetskrafter-i-staten-oppna-data_webben.xlsx,https://ro.wikipedia.org/wiki/Institutul_Karolinska,dead,HTTP 404,https://www.statskontoret.se/contentassets/73dfde44d5bc4cffaace77dd47226c69/arsarbetskrafter-i-staten-oppna-data_webben.xlsx,http://web.archive.org/web/20250909092515/https://www.statskontoret.se/contentassets/73dfde44d5bc4cffaace77dd47226c69/arsarbetskrafter-i-staten-oppna-data_webben.xlsx,available
sv,Förvaltningsbesvär,http://www.statskontoret.se/upload/Publikationer/2012/201206.pdf,https://sv.wikipedia.org/wiki/Förvaltningsbesvär,dead,HTTP 404,http://www.statskontoret.se/upload/Publikationer/2012/201206.pdf,,missing
sv,Per capsulam,http://www.statskontoret.se/upload/Publikationer/1999/199903.pdf,https://sv.wikipedia.org/wiki/Per_capsulam,dead,HTTP 404,http://www.statskontoret.se/upload/Publikationer/1999/199903.pdf,http://web.archive.org/web/20210308123723/https://www.statskontoret.se/upload/Publikationer/1999/199903.pdf,available
sv,Televerket,http://www.statskontoret.se/upload/Publikationer/2004/200428.pdf,https://sv.wikipedia.org/wiki/Televerket,dead,HTTP 404,http://www.statskontoret.se/upload/Publikationer/2004/200428.pdf,http://web.archive.org/web/20210413013429/https://www.statskontoret.se/upload/Publikationer/2004/200428.pdf,available
sv,Stängselnämnden,http://www.statskontoret.se/upload/Publikationer/2005/2005121.pdf,https://sv.wikipedia.org/wiki/Stängselnämnden,dead,HTTP 404,http://www.statskontoret.se/upload/Publikationer/2005/2005121.pdf,http://web.archive.org/web/20160304233614/http://statskontoret.se/upload/publikationer/2005/2005121.pdf,available
sv,Laglighetsprövning,http://www.statskontoret.se/upload/Publikationer/2012/201206.pdf,https://sv.wikipedia.org/wiki/Laglighetsprövning,dead,HTTP 404,http://www.statskontoret.se/upload/Publikationer/2012/201206.pdf,,missing
sv,Försvarsmaktens hundtjänstenhet,http://www.statskontoret.se/upload/remissvar/2006/2005448.pdf,https://sv.wikipedia.org/wiki/Försvarsmaktens_hundtjänstenhet,dead,HTTP 404,http://www.statskontoret.se/upload/remissvar/2006/2005448.pdf,http://web.archive.org/web/20100824014855/http://www.statskontoret.se/upload/Remissvar/2006/2005448.pdf,available
sv,Statskontoret (gamla),http://www.statskontoret.se/,https://sv.wikipedia.org/wiki/Statskontoret_(gamla),dead,HTTP 404,http://www.statskontoret.se/,,missing
sv,Diskussion:Lista över svenska myndigheter och organisationer,http://www.statskontoret.se/upload/Publikationer/2005/200532.pdf,https://sv.wikipedia.org/wiki/Diskussion:Lista_över_svenska_myndigheter_och_organisationer,dead,HTTP 404,http://www.statskontoret.se/upload/Publikationer/2005/200532.pdf,http://web.archive.org/web/20251205222333/https://www.statskontoret.se/upload/Publikationer/2005/200532.pdf,available
sv,Användardiskussion:82.182.199.110,http://www.statskontoret.se/upload/Publikationer/2000/200039.pdf,https://sv.wikipedia.org/wiki/Användardiskussion:82.182.199.110,dead,HTTP 404,http://www.statskontoret.se/upload/Publikationer/2000/200039.pdf,http://web.archive.org/web/20160304140413/http://www.statskontoret.se/upload/Publikationer/2000/200039.pdf,available
sv,Kustbevakning,http://www.statskontoret.se/upload/Publikationer/2000/200001.pdf,https://sv.wikipedia.org/wiki/Kustbevakning,dead,HTTP 404,http://www.statskontoret.se/upload/Publikationer/2000/200001.pdf,,missing
sv,Institutet för utvärdering av internationellt utvecklingssamarbete,http://www.statskontoret.se/nyhetsarkiv/utvarderingen-av-bistandet-behover-forbattras/,https://sv.wikipedia.org/wiki/Institutet_för_utvärdering_av_internationellt_utvecklingssamarbete,dead,HTTP 404,http://www.statskontoret.se/nyhetsarkiv/utvarderingen-av-bistandet-behover-forbattras/,,missing
sv,Kustbevakningsfartyg 201-serien,http://www.statskontoret.se/upload/Publikationer/2000/200001.pdf,https://sv.wikipedia.org/wiki/Kustbevakningsfartyg_201-serien,dead,HTTP 404,http://www.statskontoret.se/upload/Publikationer/2000/200001.pdf,,missing
sv,Sveriges myndigheter,http://www.statskontoret.se/upload/Publikationer/2005/200532.pdf,https://sv.wikipedia.org/wiki/Sveriges_myndigheter,dead,HTTP 404,http://www.statskontoret.se/upload/Publikationer/2005/200532.pdf,http://web.archive.org/web/20251205222333/https://www.statskontoret.se/upload/Publikationer/2005/200532.pdf,available
sv,Nationell samordnare,http://www.statskontoret.se/upload/Publikationer/2014/Om-offentlig-sektor_20_Nationella-samordnare.pdf,https://sv.wikipedia.org/wiki/Nationell_samordnare,dead,HTTP 404,http://www.statskontoret.se/upload/Publikationer/2014/Om-offentlig-sektor_20_Nationella-samordnare.pdf,http://web.archive.org/web/20210308115119/https://www.statskontoret.se/upload/Publikationer/2014/Om-offentlig-sektor_20_Nationella-samordnare.pdf,available
sv,Försvarsexportmyndigheten,http://www.statskontoret.se/globalassets/publikationer/2014/201430.pdf,https://sv.wikipedia.org/wiki/Försvarsexportmyndigheten,dead,HTTP 404,http://www.statskontoret.se/globalassets/publikationer/2014/201430.pdf,http://web.archive.org/web/20210513000353/https://www.statskontoret.se/globalassets/publikationer/2014/201430.pdf,available
sv,Riksarkivet (Sverige),http://www.statskontoret.se/publikationer/2014/utvardering-av-samordningssekretariatet-for-digitalisering-digitalt-bevarande-och-digitalt-tillgangliggorande-digisam/,https://sv.wikipedia.org/wiki/Riksarkivet_(Sverige),dead,HTTP 404,http://www.statskontoret.se/publikationer/2014/utvardering-av-samordningssekretariatet-for-digitalisering-digitalt-bevarande-och-digitalt-tillgangliggorande-digisam/,http://web.archive.org/web/20250112224201/https://www.statskontoret.se/publikationer/2014/utvardering-av-samordningssekretariatet-for-digitalisering-digitalt-bevarande-och-digitalt-tillgangliggorande-digisam/,available
sv,Nordiska Afrikainstitutet,http://www.statskontoret.se/upload/Publikationer/2013/201303.pdf,https://sv.wikipedia.org/wiki/Nordiska_Afrikainstitutet,dead,HTTP 404,http://www.statskontoret.se/upload/Publikationer/2013/201303.pdf,,missing
sv,Arbetsmarknadsutbildning i Sverige,http://www.statskontoret.se/upload/Publikationer/2012/201228.pdf,https://sv.wikipedia.org/wiki/Arbetsmarknadsutbildning_i_Sverige,dead,HTTP 404,http://www.statskontoret.se/upload/Publikationer/2012/201228.pdf,http://web.archive.org/web/20161220125237/http://www.statskontoret.se/upload/Publikationer/2012/201228.pdf,available
sv,Diskussion:Myndigheten för ungdoms- och civilsamhällesfrågor,http://www.statskontoret.se/globalassets/publikationer/2017/201713.pdf,https://sv.wikipedia.org/wiki/Diskussion:Myndigheten_för_ungdoms-_och_civilsamhällesfrågor,dead,HTTP 404,http://www.statskontoret.se/globalassets/publikationer/2017/201713.pdf,http://web.archive.org/web/20250117202402/https://www.statskontoret.se/globalassets/publikationer/2017/201713.pdf,available
sv,Lena Nitz,http://www.statskontoret.se/var-verksamhet/utredningar-utvarderingar-och-uppfoljningar/utvardering-av-ombildningen-av-polisen,https://sv.wikipedia.org/wiki/Lena_Nitz,dead,HTTP 404,http://www.statskontoret.se/var-verksamhet/utredningar-utvarderingar-och-uppfoljningar/utvardering-av-ombildningen-av-polisen,http://web.archive.org/web/20181109193733/http://www.statskontoret.se/var-verksamhet/utredningar-utvarderingar-och-uppfoljningar/utvardering-av-ombildningen-av-polisen,available
sv,Statens museer för världskultur,http://www.statskontoret.se/nyheter/flera-utmaningar-for-varldskulturmuseer/,https://sv.wikipedia.org/wiki/Statens_museer_för_världskultur,dead,HTTP 404,http://www.statskontoret.se/nyheter/flera-utmaningar-for-varldskulturmuseer/,http://web.archive.org/web/20210803175451/https://www.statskontoret.se/nyheter/flera-utmaningar-for-varldskulturmuseer/,available
sv,Transportstyrelsens IT-upphandling,http://www.statskontoret.se/forvaltningskultur/podd/,https://sv.wikipedia.org/wiki/Transportstyrelsens_IT-upphandling,dead,HTTP 404,http://www.statskontoret.se/forvaltningskultur/podd/,http://web.archive.org/web/20191114060022/http://www.statskontoret.se/forvaltningskultur/podd/,available
sv,Regering,http://www.statskontoret.se/upload/Publikationer/2003/200311.pdf#search=%22ansvarighet%20sou%20demokratiutredningen%22,https://sv.wikipedia.org/wiki/Regering,dead,HTTP 404,http://www.statskontoret.se/upload/Publikationer/2003/200311.pdf#search=%22ansvarighet%20sou%20demokratiutredningen%22,http://web.archive.org/web/20210413005238/https://www.statskontoret.se/upload/Publikationer/2003/200311.pdf,available
sv,Diskussion:Kommunala utjämningssystemet,http://www.statskontoret.se/globalassets/publikationer/2017/2017105.pdf,https://sv.wikipedia.org/wiki/Diskussion:Kommunala_utjämningssystemet,dead,HTTP 404,http://www.statskontoret.se/globalassets/publikationer/2017/2017105.pdf,,missing
sv,Hem-PC-reformen,http://www.statskontoret.se/globalassets/publikationer/2005/200514.pdf,https://sv.wikipedia.org/wiki/Hem-PC-reformen,dead,HTTP 404,http://www.statskontoret.se/globalassets/publikationer/2005/200514.pdf,http://web.archive.org/web/20160430170351/http://statskontoret.se/globalassets/publikationer/2005/200514.pdf,available
sv,Blommansatsningen,https://www.statskontoret.se/globalassets/publikationer/2002/200223.pdf,https://sv.wikipedia.org/wiki/Blommansatsningen,dead,HTTP 404,https://www.statskontoret.se/globalassets/publikationer/2002/200223.pdf,http://web.archive.org/web/20211007045220/https://www.statskontoret.se/globalassets/publikationer/2002/200223.pdf,available
sv,Utsatt område,https://www.statskontoret.se/globalassets/publikationer/2002/200223.pdf,https://sv.wikipedia.org/wiki/Utsatt_område,dead,HTTP 404,https://www.statskontoret.se/globalassets/publikationer/2002/200223.pdf,http://web.archive.org/web/20211007045220/https://www.statskontoret.se/globalassets/publikationer/2002/200223.pdf,available
sv,Adoption i Sverige,https://www.statskontoret.se/globalassets/publikationer/2021/2021-1-webb.pdf,https://sv.wikipedia.org/wiki/Adoption_i_Sverige,dead,HTTP 404,https://www.statskontoret.se/globalassets/publikationer/2021/2021-1-webb.pdf,http://web.archive.org/web/20210925120716/https://www.statskontoret.se/globalassets/publikationer/2021/2021-1-webb.pdf,available
sv,Malldiskussion:Faktamall Statlig utredning,https://www.statskontoret.se/globalassets/publikationer/2019/oos36_-udda-faglar-kommittevasendet.pdf,https://sv.wikipedia.org/wiki/Malldiskussion:Faktamall_Statlig_utredning,dead,HTTP 404,https://www.statskontoret.se/globalassets/publikationer/2019/oos36_-udda-faglar-kommittevasendet.pdf,,missing
sv,Statlig utredning,https://www.statskontoret.se/publicerat/publikationer/2019/udda-faglar-i-kommittevasendet.-en-studie-av-otraditionella-kommitteer/,https://sv.wikipedia.org/wiki/Statlig_utredning,dead,HTTP 404,https://www.statskontoret.se/uppdrag-och-rapporter/rapporter/publikationer/2019/udda-faglar-i-kommittevasendet.-en-studie-av-otraditionella-kommitteer/,http://web.archive.org/web/20210916195335/https://www.statskontoret.se/publicerat/publikationer/2019/udda-faglar-i-kommittevasendet.-en-studie-av-otraditionella-kommitteer/,available
sv,Jämställdhetsintegrering,https://www.statskontoret.se/publicerat/publikationer/publikationer/utvardering-av-regeringens-utvecklingsprogram-for-jamstalldhetsintegrering-i-myndigheter.-slutrapport/,https://sv.wikipedia.org/wiki/Jämställdhetsintegrering,dead,HTTP 404,https://www.statskontoret.se/uppdrag-och-rapporter/rapporter/publikationer/publikationer/utvardering-av-regeringens-utvecklingsprogram-for-jamstalldhetsintegrering-i-myndigheter.-slutrapport/,http://web.archive.org/web/20251016150553/https://www.statskontoret.se/publicerat/publikationer/publikationer/utvardering-av-regeringens-utvecklingsprogram-for-jamstalldhetsintegrering-i-myndigheter.-slutrapport/,available
sv,Diskussion:Värdmyndighet,https://www.statskontoret.se/fokusomraden/fakta-om-statsforvaltningen/fakta-om-statsforvaltningen/,https://sv.wikipedia.org/wiki/Diskussion:Värdmyndighet,dead,HTTP 404,https://www.statskontoret.se/fokusomraden/fakta-om-statsforvaltningen/fakta-om-statsforvaltningen/,http://web.archive.org/web/20230606070312/https://www.statskontoret.se/fokusomraden/fakta-om-statsforvaltningen/fakta-om-statsforvaltningen/,available
sv,Diskussion:Värdegrund,https://www.statskontoret.se/publicerat/publikationer/publikationer/den-statliga-vardegrunden--gemensamma-principer-for-en-god-forvaltning/,https://sv.wikipedia.org/wiki/Diskussion:Värdegrund,dead,HTTP 404,https://www.statskontoret.se/uppdrag-och-rapporter/rapporter/publikationer/publikationer/den-statliga-vardegrunden--gemensamma-principer-for-en-god-forvaltning/,http://web.archive.org/web/20250911121444/https://www.statskontoret.se/publicerat/publikationer/publikationer/den-statliga-vardegrunden--gemensamma-principer-for-en-god-forvaltning/,available
sv,Användare:FWIlkens/Samhällets värdegrund,https://www.statskontoret.se/publicerat/publikationer/publikationer/den-statliga-vardegrunden--gemensamma-principer-for-en-god-forvaltning/,https://sv.wikipedia.org/wiki/Användare:FWIlkens/Samhällets_värdegrund,dead,HTTP 404,https://www.statskontoret.se/uppdrag-och-rapporter/rapporter/publikationer/publikationer/den-statliga-vardegrunden--gemensamma-principer-for-en-god-forvaltning/,http://web.archive.org/web/20250911121444/https://www.statskontoret.se/publicerat/publikationer/publikationer/den-statliga-vardegrunden--gemensamma-principer-for-en-god-forvaltning/,available
sv,Värdegrund,https://www.statskontoret.se/publicerat/publikationer/publikationer/den-statliga-vardegrunden--gemensamma-principer-for-en-god-forvaltning/,https://sv.wikipedia.org/wiki/Värdegrund,dead,HTTP 404,https://www.statskontoret.se/uppdrag-och-rapporter/rapporter/publikationer/publikationer/den-statliga-vardegrunden--gemensamma-principer-for-en-god-forvaltning/,http://web.archive.org/web/20250911121444/https://www.statskontoret.se/publicerat/publikationer/publikationer/den-statliga-vardegrunden--gemensamma-principer-for-en-god-forvaltning/,available
sv,Nämnden för lagstiftningskontroll,https://www.statskontoret.se/publicerat/publikationer/publikationer-2018/fler-uppgifter-for-regelradet.-bor-radet-arbeta-mer-med-eu-lagstiftning-och-digitalisering/,https://sv.wikipedia.org/wiki/Nämnden_för_lagstiftningskontroll,ok,,https://www.statskontoret.se/uppdrag-och-rapporter/rapporter/2018/fler-uppgifter-for-regelradet.-bor-radet-arbeta-mer-med-eu-lagstiftning-och-digitalisering/,http://web.archive.org/web/20230527153824/https://www.statskontoret.se/publicerat/publikationer/publikationer-2018/fler-uppgifter-for-regelradet.-bor-radet-arbeta-mer-med-eu-lagstiftning-och-digitalisering/,available
sv,Användare:Belteshassar/Projekt statliga utredningar,https://www.statskontoret.se/siteassets/rapporter-pdf/2019/oos36.pdf,https://sv.wikipedia.org/wiki/Användare:Belteshassar/Projekt_statliga_utredningar,ok,,https://www.statskontoret.se/siteassets/rapporter-pdf/2019/oos36.pdf,,missing
sv,Sveriges myndigheter,https://www.statskontoret.se/fokusomraden/fakta-om-statsforvaltningen/myndigheterna-under-regeringen/,https://sv.wikipedia.org/wiki/Sveriges_myndigheter,dead,HTTP 404,https://www.statskontoret.se/fokusomraden/fakta-om-statsforvaltningen/myndigheterna-under-regeringen/,http://web.archive.org/web/20251119041655/https://www.statskontoret.se/fokusomraden/fakta-om-statsforvaltningen/myndigheterna-under-regeringen/,available
sv,Sveriges myndigheter,https://www.statskontoret.se/fokusomraden/fakta-om-statsforvaltningen/,https://sv.wikipedia.org/wiki/Sveriges_myndigheter,dead,HTTP 404,https://www.statskontoret.se/fokusomraden/fakta-om-statsforvaltningen/,http://web.archive.org/web/20251016165936/https://www.statskontoret.se/fokusomraden/fakta-om-statsforvaltningen/,available
sv,Diskussion:Thomas Åding,https://www.statskontoret.se/fokusomraden/fakta-om-statsforvaltningen/myndigheternas-storlek/,https://sv.wikipedia.org/wiki/Diskussion:Thomas_Åding,dead,HTTP 404,https://www.statskontoret.se/fokusomraden/fakta-om-statsforvaltningen/myndigheternas-storlek/,http://web.archive.org/web/20250803174624/https://www.statskontoret.se/fokusomraden/fakta-om-statsforvaltningen/myndigheternas-storlek/,available
sv,Oljekrisnämnden,https://www.statskontoret.se/publicerat/publikationer/publikationer-2024/en-form-for-kollektivt-beslutsfattande--en-kartlaggning-och-provning-av-namndmyndigheter/,https://sv.wikipedia.org/wiki/Oljekrisnämnden,ok,,https://www.statskontoret.se/uppdrag-och-rapporter/rapporter/2024/en-form-for-kollektivt-beslutsfattande--en-kartlaggning-och-provning-av-namndmyndigheter/,http://web.archive.org/web/20251119044511/https://www.statskontoret.se/publicerat/publikationer/publikationer-2024/en-form-for-kollektivt-beslutsfattande--en-kartlaggning-och-provning-av-namndmyndigheter/,available
sv,Nämnden för hemslöjdsfrågor,https://www.statskontoret.se/publicerat/publikationer/publikationer-2024/en-form-for-kollektivt-beslutsfattande--en-kartlaggning-och-provning-av-namndmyndigheter/,https://sv.wikipedia.org/wiki/Nämnden_för_hemslöjdsfrågor,ok,,https://www.statskontoret.se/uppdrag-och-rapporter/rapporter/2024/en-form-for-kollektivt-beslutsfattande--en-kartlaggning-och-provning-av-namndmyndigheter/,http://web.archive.org/web/20251119044511/https://www.statskontoret.se/publicerat/publikationer/publikationer-2024/en-form-for-kollektivt-beslutsfattande--en-kartlaggning-och-provning-av-namndmyndigheter/,available
sv,Wikipedia:Projekt svenska kommuner/PSIdata Länstyrelser,http://www.statskontoret.se/,https://sv.wikipedia.org/wiki/Wikipedia:Projekt_svenska_kommuner/PSIdata_Länstyrelser,dead,HTTP 404,http://www.statskontoret.se/,,missing
sv,Wikipedia:Projekt svenska kommuner/PSIdata Länstyrelser,http://www.statskontoret.se/psidata,https://sv.wikipedia.org/wiki/Wikipedia:Projekt_svenska_kommuner/PSIdata_Länstyrelser,dead,HTTP 404,http://www.statskontoret.se/psidata,http://web.archive.org/web/20260103220532/https://www.statskontoret.se/psidata,available
sv,Maktmissbruk,https://www.statskontoret.se/siteassets/rapporter-pdf/2023/2023_20---utskriftsformat.pdf,https://sv.wikipedia.org/wiki/Maktmissbruk,ok,,https://www.statskontoret.se/siteassets/rapporter-pdf/2023/2023_20---utskriftsformat.pdf,,missing
sv,Rättsstat,https://www.statskontoret.se/publicerat/publikationer/publikationer-2022/rattsstaten-i-den-svenska-forvaltningen--en-forskningsantologi/,https://sv.wikipedia.org/wiki/Rättsstat,ok,,https://www.statskontoret.se/uppdrag-och-rapporter/rapporter/2022/rattsstaten-i-den-svenska-forvaltningen--en-forskningsantologi/,http://web.archive.org/web/20250803174326/https://www.statskontoret.se/publicerat/publikationer/publikationer-2022/rattsstaten-i-den-svenska-forvaltningen--en-forskningsantologi/,available
sv,Migrationsverket (Sverige),https://www.statskontoret.se/publicerat/publikationer/publikationer-2024/manga-oar-sma--migrationsverkets-styrning-och-uppfoljning-av-den-rattsliga-kvaliteten-i-asylprocessen/,https://sv.wikipedia.org/wiki/Migrationsverket_(Sverige),ok,,https://www.statskontoret.se/uppdrag-och-rapporter/rapporter/2024/manga-oar-sma--migrationsverkets-styrning-och-uppfoljning-av-den-rattsliga-kvaliteten-i-asylprocessen/,,missing
sv,Afghanska asylsökande i Sverige 2015–2024,https://www.statskontoret.se/publicerat/publikationer/publikationer-2024/manga-oar-sma--migrationsverkets-styrning-och-uppfoljning-av-den-rattsliga-kvaliteten-i-asylprocessen/?publication=true,https://sv.wikipedia.org/wiki/Afghanska_asylsökande_i_Sverige_2015–2024,ok,,https://www.statskontoret.se/uppdrag-och-rapporter/rapporter/2024/manga-oar-sma--migrationsverkets-styrning-och-uppfoljning-av-den-rattsliga-kvaliteten-i-asylprocessen/,http://web.archive.org/web/20251119050355/https://www.statskontoret.se/publicerat/publikationer/publikationer-2024/manga-oar-sma--migrationsverkets-styrning-och-uppfoljning-av-den-rattsliga-kvaliteten-i-asylprocessen/?publication=true,available
sv,Afghanska asylsökande i Sverige 2015–2024,https://www.statskontoret.se/publicerat/publikationer/publikationer-2024/manga-oar-sma--migrationsverkets-styrning-och-uppfoljning-av-den-rattsliga-kvaliteten-i-asylprocessen/,https://sv.wikipedia.org/wiki/Afghanska_asylsökande_i_Sverige_2015–2024,ok,,https://www.statskontoret.se/uppdrag-och-rapporter/rapporter/2024/manga-oar-sma--migrationsverkets-styrning-och-uppfoljning-av-den-rattsliga-kvaliteten-i-asylprocessen/,,missing
sv,Sveriges hantering av flyktingkrisen 2015,https://www.statskontoret.se/publicerat/publikationer/publikationer-2024/manga-oar-sma--migrationsverkets-styrning-och-uppfoljning-av-den-rattsliga-kvaliteten-i-asylprocessen/,https://sv.wikipedia.org/wiki/Sveriges_hantering_av_flyktingkrisen_2015,ok,,https://www.statskontoret.se/uppdrag-och-rapporter/rapporter/2024/manga-oar-sma--migrationsverkets-styrning-och-uppfoljning-av-den-rattsliga-kvaliteten-i-asylprocessen/,,missing
sv,Sydvästlänken,https://www.statskontoret.se/publicerat/publikationer/publikationer-2021/utvardering-av-svenska-kraftnats-hantering-av-transmissionsnatsprojektet-sydvastlanken/,https://sv.wikipedia.org/wiki/Sydvästlänken,ok,,https://www.statskontoret.se/uppdrag-och-rapporter/rapporter/2021/utvardering-av-svenska-kraftnats-hantering-av-transmissionsnatsprojektet-sydvastlanken/,http://web.archive.org/web/20250418032405/https://www.statskontoret.se/publicerat/publikationer/publikationer-2021/utvardering-av-svenska-kraftnats-hantering-av-transmissionsnatsprojektet-sydvastlanken/,available
sv,Wikipedia:Projekt svenska kommuner/PSIdata Myndigheter,https://www.statskontoret.se/psidata,https://sv.wikipedia.org/wiki/Wikipedia:Projekt_svenska_kommuner/PSIdata_Myndigheter,ok,,https://www.statskontoret.se/psidata,http://web.archive.org/web/20260103220532/https://www.statskontoret.se/psidata,available
sv,Wikipedia:Projekt svenska kommuner/PSIdata Länstyrelser,https://www.statskontoret.se/,https://sv.wikipedia.org/wiki/Wikipedia:Projekt_svenska_kommuner/PSIdata_Länstyrelser,ok,,https://www.statskontoret.se/,http://web.archive.org/web/20260104200430/https://www.statskontoret.se/,available
sv,Wikipedia:Projekt svenska kommuner/PSIdata Länstyrelser,https://www.statskontoret.se/psidata,https://sv.wikipedia.org/wiki/Wikipedia:Projekt_svenska_kommuner/PSIdata_Länstyrelser,ok,,https://www.statskontoret.se/psidata,http://web.archive.org/web/20260103220532/https://www.statskontoret.se/psidata,available
sv,Kira Repka,https://www.statskontoret.se/personal/medarbetare/kira-bergheden/,https://sv.wikipedia.org/wiki/Kira_Repka,ok,,https://www.statskontoret.se/personal/medarbetare/kira-bergheden/,,missing
sv,Statskontoret,https://www.statskontoret.se/,https://sv.wikipedia.org/wiki/Statskontoret,ok,,https://www.statskontoret.se/,http://web.archive.org/web/20260104200430/https://www.statskontoret.se/,available
sv,Statskontoret,https://www.statskontoret.se/kunskapsstod-och-regler/rapportering/informationssystemet-hermes/,https://sv.wikipedia.org/wiki/Statskontoret,ok,,https://www.statskontoret.se/kunskapsstod-och-regler/rapportering/informationssystemet-hermes/,http://web.archive.org/web/20251219123544/https://www.statskontoret.se/kunskapsstod-och-regler/rapportering/informationssystemet-hermes/,available
