lang,page_title,url,wiki_link,status,final_url,ia_url,ia_status,reason
da,DTT i Sverige,http://www.pts.se/sv/Dokument/Rapporter/Radio/2006/Anvandningen-av-frekvensutrymme-efter-det-att-de-analoga-markbundna-TV-sandningarna-upphort---PTS-ER-200635/,https://da.wikipedia.org/wiki/DTT_i_Sverige,ok,https://www.pts.se:443/404,http://web.archive.org/web/20170904055024/http://pts.se/sv/Dokument/Rapporter/Radio/2006/Anvandningen-av-frekvensutrymme-efter-det-att-de-analoga-markbundna-TV-sandningarna-upphort---PTS-ER-200635/,available,
da,DTT i Sverige,http://www.pts.se/sv/Dokument/Rapporter/Radio/,https://da.wikipedia.org/wiki/DTT_i_Sverige,ok,https://www.pts.se:443/sv/Dokument/Rapporter/Radio/,,missing,
da,DTT i Sverige,http://www.pts.se/sv/Dokument/Rapporter/Radio/2008/Planeringslosning-for-marksand-digital-TV---UHF---Slutrapport---PTS-ER-200822/,https://da.wikipedia.org/wiki/DTT_i_Sverige,ok,https://www.pts.se:443/sv/Dokument/Rapporter/Radio/2008/Planeringslosning-for-marksand-digital-TV---UHF---Slutrapport---PTS-ER-200822/,http://web.archive.org/web/20170721052459/http://www.pts.se:80/sv/Dokument/Rapporter/Radio/2008/Planeringslosning-for-marksand-digital-TV---UHF---Slutrapport---PTS-ER-200822/,available,
da,Hierarkisk modulation,https://www.pts.se/upload/Documents/SE/DRM_studie%20for_%20PTS_final.pdf,https://da.wikipedia.org/wiki/Hierarkisk_modulation,ok,https://www.pts.se/404,http://web.archive.org/web/20150724015039/http://www.pts.se:80/upload/Documents/SE/DRM_studie%20for_%20PTS_final.pdf,available,
da,Norrland,https://www.pts.se/globalassets/startpage/dokument/icke-legala-dokument/faktablad/telefoni/faktablad-riktnummer-bokstavsordning-pts-f-2011_1.pdf,https://da.wikipedia.org/wiki/Norrland,ok,https://www.pts.se/404,http://web.archive.org/web/20230326090945/https://pts.se/globalassets/startpage/dokument/icke-legala-dokument/faktablad/telefoni/faktablad-riktnummer-bokstavsordning-pts-f-2011_1.pdf,available,
en,Net 1,http://www.pts.se/Sidor/sida.asp?SectionId=2382#Hur%20kan%20jag%20kontakta?,https://en.wikipedia.org/wiki/Net_1,ok,https://www.pts.se:443/Sidor/sida.asp?SectionId=2382#Hur%20kan%20jag%20kontakta?,http://web.archive.org/web/20070412200817/http://www.pts.se:80/Sidor/sida.asp?SectionId=2382,available,
en,Local number portability,http://www.pts.se/sv/Bransch/Telefoni/Nummerfragor/Nummer--och-adressplaner/Nummerportabilitet/,https://en.wikipedia.org/wiki/Local_number_portability,ok,https://www.pts.se:443/sv/Bransch/Telefoni/Nummerfragor/Nummer--och-adressplaner/Nummerportabilitet/,http://web.archive.org/web/20131011092909/http://pts.se/sv/Bransch/Telefoni/Nummerfragor/Nummer--och-adressplaner/Nummerportabilitet/,available,
en,Talk:Telephone numbers in Sweden,http://www.pts.se/upload/Ovrigt/Tele/Nummerfragor/Sv_nrplan_telefoni_enl_TU-T_rek_E.164.pdf,https://en.wikipedia.org/wiki/Talk:Telephone_numbers_in_Sweden,ok,https://www.pts.se:443/404,http://web.archive.org/web/20171020070939/http://www.pts.se/upload/Ovrigt/Tele/Nummerfragor/Sv_nrplan_telefoni_enl_TU-T_rek_E.164.pdf,available,
en,Net 1,http://www.pts.se/upload/Beslut/Radio/2009/overlatelse-NMT-090311.pdf,https://en.wikipedia.org/wiki/Net_1,ok,https://www.pts.se:443/404,http://web.archive.org/web/20160304211148/http://www.pts.se/upload/Beslut/Radio/2009/overlatelse-NMT-090311.pdf,available,
en,Telephone numbers in Sweden,http://www.pts.se/upload/Ovrigt/Tele/Nummerfragor/bilaga-2b.pdf,https://en.wikipedia.org/wiki/Telephone_numbers_in_Sweden,ok,https://www.pts.se:443/404,http://web.archive.org/web/20100827022439/http://www.pts.se/upload/Ovrigt/Tele/Nummerfragor/bilaga-2b.pdf,available,
en,Electronic signatures and law,http://www.pts.se/upload/Documents/SE/Qualified%20Electronic%20Signatures%20Act%20_SFS%202000_832_English%20translation.pdf,https://en.wikipedia.org/wiki/Electronic_signatures_and_law,ok,https://www.pts.se:443/404,http://web.archive.org/web/20231029122706/https://www.pts.se/upload/Documents/SE/Qualified%20Electronic%20Signatures%20Act%20_SFS%202000_832_English%20translation.pdf,available,
en,Talk:SUNAB,http://www.pts.se/sv/Nyheter/Radio/2006/Det%20f%C3%B6rsta%203G-n%C3%A4tet%20som%20t%C3%A4cker%208%20860%20000%20svenskar%20%C3%A4r%20klart/,https://en.wikipedia.org/wiki/Talk:SUNAB,ok,https://www.pts.se:443/sv/Nyheter/Radio/2006/Det%20f%C3%B6rsta%203G-n%C3%A4tet%20som%20t%C3%A4cker%208%20860%20000%20svenskar%20%C3%A4r%20klart/,http://web.archive.org/web/20120305172121/http://www.pts.se/sv/Nyheter/Radio/2006/Det%20f%C3%B6rsta%203G-n%C3%A4tet%20som%20t%C3%A4cker%208%20860%20000%20svenskar%20%C3%A4r%20klart/,available,
en,Talk:+46 18,http://www.pts.se/Sidor/sida.asp?SectionId=1221,https://en.wikipedia.org/wiki/Talk:+46_18,ok,https://www.pts.se:443/Sidor/sida.asp?SectionId=1221,http://web.archive.org/web/20071026234737/http://www.pts.se/Sidor/sida.asp?SectionId=1221,available,
en,Termination rates,http://www.pts.se/upload/Beslut/Telefoni/2012/Underr%C3%A4ttelse%20TeliaSonera%20dnr%2012-2.pdf,https://en.wikipedia.org/wiki/Termination_rates,ok,https://www.pts.se:443/404,http://web.archive.org/web/20160305092323/http://www.pts.se/upload/Beslut/Telefoni/2012/Underr%C3%A4ttelse%20TeliaSonera%20dnr%2012-2.pdf,available,
en,Termination rates,http://www.pts.se/sv/Nyheter/Telefoni/2011/Lagre-priser-for-samtrafik-i-mobila-nat-ska-oka-konkurrensen/,https://en.wikipedia.org/wiki/Termination_rates,ok,https://www.pts.se:443/sv/Nyheter/Telefoni/2011/Lagre-priser-for-samtrafik-i-mobila-nat-ska-oka-konkurrensen/,http://web.archive.org/web/20160305092314/http://www.pts.se/sv/Nyheter/Telefoni/2011/Lagre-priser-for-samtrafik-i-mobila-nat-ska-oka-konkurrensen/,available,
en,Termination rates,http://www.pts.se/upload/Ovrigt/Tele/Prisreglering/10-8320-Prismetod-110621.pdf,https://en.wikipedia.org/wiki/Termination_rates,ok,https://www.pts.se:443/404,,missing,
en,Telephone numbers in Sweden,http://www.pts.se/upload/Ovrigt/Tele/Nummerfragor/Sv_nrplan_telefoni_enl_TU-T_rek_E.164.pdf,https://en.wikipedia.org/wiki/Telephone_numbers_in_Sweden,ok,https://www.pts.se:443/404,http://web.archive.org/web/20171020070939/http://www.pts.se/upload/Ovrigt/Tele/Nummerfragor/Sv_nrplan_telefoni_enl_TU-T_rek_E.164.pdf,available,
en,User:Lacunae/01,http://www.pts.se/sv/Nyheter/Om-PTS/2013/Fortsatta-telefonistorningar-i-norra-Sverige-efter-stormen-Hilde---Lagesrapport-18-november-2013-klockan-0900/,https://en.wikipedia.org/wiki/User:Lacunae/01,ok,https://www.pts.se:443/sv/Nyheter/Om-PTS/2013/Fortsatta-telefonistorningar-i-norra-Sverige-efter-stormen-Hilde---Lagesrapport-18-november-2013-klockan-0900/,http://web.archive.org/web/20170723212105/http://pts.se/sv/Nyheter/Om-PTS/2013/Fortsatta-telefonistorningar-i-norra-Sverige-efter-stormen-Hilde---Lagesrapport-18-november-2013-klockan-0900/,available,
en,Mobile phone jammer,http://www.pts.se/sv/Radio/Utrustning/Forbud-mot-storsandare/,https://en.wikipedia.org/wiki/Mobile_phone_jammer,ok,https://www.pts.se:443/sv/Radio/Utrustning/Forbud-mot-storsandare/,http://web.archive.org/web/20130514122114/http://pts.se/sv/Radio/Utrustning/Forbud-mot-storsandare/,available,
en,Termination rates,http://www.pts.se/sv/Nyheter/Telefoni/2014/Tele2-ska-sanka-termineringspriser-for-rostsamtal-i-mobilnatet/,https://en.wikipedia.org/wiki/Termination_rates,ok,https://www.pts.se:443/sv/Nyheter/Telefoni/2014/Tele2-ska-sanka-termineringspriser-for-rostsamtal-i-mobilnatet/,http://web.archive.org/web/20160305005547/http://www.pts.se/sv/Nyheter/Telefoni/2014/Tele2-ska-sanka-termineringspriser-for-rostsamtal-i-mobilnatet/,available,
en,Swedish Post and Telecom Authority,http://www.pts.se/en-GB/About-PTS/,https://en.wikipedia.org/wiki/Swedish_Post_and_Telecom_Authority,ok,https://www.pts.se:443/en-GB/About-PTS/,http://web.archive.org/web/20180111133853/http://pts.se:80/en-GB/About-PTS/,available,
en,Swedish Post and Telecom Authority,http://www.pts.se/en-GB/,https://en.wikipedia.org/wiki/Swedish_Post_and_Telecom_Authority,ok,https://www.pts.se:443/en-GB/,http://web.archive.org/web/20240424103537/https://www.pts.se/en-gb/,available,
en,List of postal entities,http://www.pts.se/upload/Ovrigt/Post/postoperatorer-20140602.pdf,https://en.wikipedia.org/wiki/List_of_postal_entities,ok,https://www.pts.se:443/404,,missing,
en,Talk:SUNAB,http://www.pts.se/upload/Ovrigt/Tele/Prisreglering/Final%2520conceptual%2520paper%2520(14-09-2010).pdf,https://en.wikipedia.org/wiki/Talk:SUNAB,dead,https://www.pts.se:443/upload/Ovrigt/Tele/Prisreglering/Final%2520conceptual%2520paper%2520(14-09-2010).pdf,,missing,HTTP 404
en,Talk:DBm,http://www.pts.se/upload/Foreskrifter/Radio/PTSFS-2014_5-undantag-tillstandsplikt-rattad.pdf,https://en.wikipedia.org/wiki/Talk:DBm,ok,https://www.pts.se:443/404,http://web.archive.org/web/20170821215025/http://www.pts.se:80/upload/Foreskrifter/Radio/PTSFS-2014_5-undantag-tillstandsplikt-rattad.pdf,available,
en,Personal radio service,http://www.pts.se/upload/Foreskrifter/Radio/ptsfs-2012-3-undantag-tillstand.pdf,https://en.wikipedia.org/wiki/Personal_radio_service,ok,https://www.pts.se:443/404,http://web.archive.org/web/20180529130527/https://www.pts.se/upload/Foreskrifter/Radio/ptsfs-2012-3-undantag-tillstand.pdf,available,
en,List of countries by number of mobile numbers in use,https://www.pts.se/upload/Rapporter/Tele/2016/STM-forsta-halvaret-2016-pts-2016_30.pdf,https://en.wikipedia.org/wiki/List_of_countries_by_number_of_mobile_numbers_in_use,ok,https://www.pts.se/404,http://web.archive.org/web/20181226072048/https://www.pts.se/upload/Rapporter/Tele/2016/STM-forsta-halvaret-2016-pts-2016_30.pdf,available,
en,Talk:Telephone numbers in Sweden,http://www.pts.se/upload/Ovrigt/Tele/Nummerfragor/bilaga-2b.pdf,https://en.wikipedia.org/wiki/Talk:Telephone_numbers_in_Sweden,ok,https://www.pts.se:443/404,http://web.archive.org/web/20100827022439/http://www.pts.se/upload/Ovrigt/Tele/Nummerfragor/bilaga-2b.pdf,available,
en,Telephone numbers in Sweden,https://www.pts.se/en/,https://en.wikipedia.org/wiki/Telephone_numbers_in_Sweden,ok,https://www.pts.se/en/,http://web.archive.org/web/20251210143058/https://www.pts.se/en/,available,
en,Disability policy in Sweden,https://www.pts.se/globalassets/startpage/bransch/internet/marknadsoversikt-innovatorer/bilaga_statistiksammanstallning_rev_c_pts_marknadsoversikt_.pdf,https://en.wikipedia.org/wiki/Disability_policy_in_Sweden,ok,https://www.pts.se/404,http://web.archive.org/web/20190301074627/https://www.pts.se/globalassets/startpage/bransch/internet/marknadsoversikt-innovatorer/bilaga_statistiksammanstallning_rev_c_pts_marknadsoversikt_.pdf,available,
en,User:Drahtlos/Mobile Country Code,http://www.pts.se/en/english-b/telephony/numbering/,https://en.wikipedia.org/wiki/User:Drahtlos/Mobile_Country_Code,ok,https://www.pts.se:443/en/english-b/telephony/numbering/,http://web.archive.org/web/20180421094140/http://www.pts.se:80/en/english-b/telephony/numbering/,available,
en,Mobile network codes in ITU region 2xx (Europe),https://nummer.pts.se/NbrPlanSearch,https://en.wikipedia.org/wiki/Mobile_network_codes_in_ITU_region_2xx_(Europe),ok,https://nummer.pts.se/NbrPlanSearch/GetNumbers,,missing,
en,SOS Alarm,https://www.pts.se/upload/Documents/SE/Ring%20for%20livet%20-%20rapport%20om%20nodsamtal.pdf,https://en.wikipedia.org/wiki/SOS_Alarm,ok,https://www.pts.se/404,http://web.archive.org/web/20160307125811/http://www.pts.se/upload/Documents/SE/Ring%20for%20livet%20-%20rapport%20om%20nodsamtal.pdf,available,
en,Swedish Post and Telecom Authority,https://pts.se/globalassets/startpage/dokument/icke-legala-dokument/faktablad/ovrigt/eng-om-pts-okt-2018-2.pdf,https://en.wikipedia.org/wiki/Swedish_Post_and_Telecom_Authority,ok,https://pts.se/404,http://web.archive.org/web/20231128132454/https://pts.se/globalassets/startpage/dokument/icke-legala-dokument/faktablad/ovrigt/eng-om-pts-okt-2018-2.pdf,available,
en,Telephone numbers in Sweden,https://www.pts.se/globalassets/startpage/dokument/bransch/telefoni/nummerplan/the-swedish-numbering-plan-for-telephony-accordning-to-itu---2018-07-04.pdf,https://en.wikipedia.org/wiki/Telephone_numbers_in_Sweden,ok,https://www.pts.se/404,,missing,
en,KDR 444,https://www.pts.se/sv/dokument/foreskrifter/radio/ptsfs-2018-3-undantagsforeskrifter/,https://en.wikipedia.org/wiki/KDR_444,ok,https://www.pts.se/sv/dokument/foreskrifter/radio/ptsfs-2018-3-undantagsforeskrifter/,http://web.archive.org/web/20220627082351/https://www.pts.se/sv/dokument/foreskrifter/radio/ptsfs-2018-3-undantagsforeskrifter/,available,
en,2200-meter band,https://www.pts.se/globalassets/startpage/dokument/legala-dokument/foreskrifter/radio/pts_allmanna-rad-om-den-svenska-frekvensplanen-ptsfs2019-1.pdf,https://en.wikipedia.org/wiki/2200-meter_band,ok,https://www.pts.se/404,http://web.archive.org/web/20240106071147/https://pts.se/globalassets/startpage/dokument/legala-dokument/foreskrifter/radio/pts_allmanna-rad-om-den-svenska-frekvensplanen-ptsfs2019-1.pdf,available,
en,Mobile country code,https://nummer.pts.se/NbrPlanSearch,https://en.wikipedia.org/wiki/Mobile_country_code,ok,https://nummer.pts.se/NbrPlanSearch/GetNumbers,,missing,
en,Concerns over Chinese involvement in 5G wireless networks,https://pts.se/en/news/press-releases/2020/four-companies-approved-for-participation-in-the-3.5-ghz-and-2.3-ghz-auctions/,https://en.wikipedia.org/wiki/Concerns_over_Chinese_involvement_in_5G_wireless_networks,ok,https://pts.se/en/news/press-releases/2020/four-companies-approved-for-participation-in-the-3.5-ghz-and-2.3-ghz-auctions/,,missing,
en,Fictitious telephone number,https://pts.se/sv/nyheter/telefoni/2020/pts-reserverar-nummerserier-for-film-och-bocker/,https://en.wikipedia.org/wiki/Fictitious_telephone_number,ok,https://pts.se/sv/nyheter/telefoni/2020/pts-reserverar-nummerserier-for-film-och-bocker/,,missing,
en,Fictitious telephone number,https://pts.se/sv/bransch/telefoni/nummer-och-adressering/telefonnummer-for-anvandning-i-bocker-och-filmer-etc/,https://en.wikipedia.org/wiki/Fictitious_telephone_number,ok,https://pts.se/sv/bransch/telefoni/nummer-och-adressering/telefonnummer-for-anvandning-i-bocker-och-filmer-etc/,http://web.archive.org/web/20240424064426/https://www.pts.se/sv/bransch/telefoni/nummer-och-adressering/telefonnummer-for-anvandning-i-bocker-och-filmer-etc/,available,
en,Net4Mobility,https://www.pts.se/en/news/press-releases/2021/the-auctions-in-the-3.5-ghz-and-2.3-ghz-bands-are-concluded/,https://en.wikipedia.org/wiki/Net4Mobility,ok,https://www.pts.se/en/news/press-releases/2021/the-auctions-in-the-3.5-ghz-and-2.3-ghz-bands-are-concluded/,http://web.archive.org/web/20210921054543/https://pts.se/en/news/press-releases/2021/the-auctions-in-the-3.5-ghz-and-2.3-ghz-bands-are-concluded/,available,
en,List of telecommunications regulatory bodies,http://www.pts.se/,https://en.wikipedia.org/wiki/List_of_telecommunications_regulatory_bodies,ok,https://www.pts.se:443/,http://web.archive.org/web/20260104135946/https://www.pts.se/,available,
en,PostNord,https://pts.se/globalassets/startpage/dokument/icke-legala-dokument/rapporter/2021/post/svensk-postmarknad-2021.pdf,https://en.wikipedia.org/wiki/PostNord,ok,https://pts.se/404,,missing,
en,Telephone numbers in Sweden,https://pts.se/sv/bransch/telefoni/nummer-och-adressering/nummerhistorik/,https://en.wikipedia.org/wiki/Telephone_numbers_in_Sweden,ok,https://pts.se/sv/bransch/telefoni/nummer-och-adressering/nummerhistorik/,http://web.archive.org/web/20240224060423/https://www.pts.se/sv/bransch/telefoni/nummer-och-adressering/nummerhistorik/,available,
en,User:Carl Gronwall 5/sandbox1,https://pts.se/globalassets/startpage/dokument/icke-legala-dokument/rapporter/2021/post/svensk-postmarknad-2021.pdf,https://en.wikipedia.org/wiki/User:Carl_Gronwall_5/sandbox1,ok,https://pts.se/404,,missing,
en,EN 301 549,https://www.pts.se/globalassets/startpage/dokument/icke-legala-dokument/rapporter/2016/ovrigt/guidance-for-the-accessibility-standard-en-301-5491.pdf,https://en.wikipedia.org/wiki/EN_301_549,ok,https://www.pts.se/404,http://web.archive.org/web/20200328193141/https://www.pts.se/globalassets/startpage/dokument/icke-legala-dokument/rapporter/2016/ovrigt/guidance-for-the-accessibility-standard-en-301-5491.pdf,available,
en,Postal codes in Sweden,https://pts.se/sv/bransch/post/postnummer/,https://en.wikipedia.org/wiki/Postal_codes_in_Sweden,ok,https://pts.se/sv/bransch/post/postnummer/,http://web.archive.org/web/20240305052430/https://www.pts.se/sv/bransch/post/postnummer/,available,
en,List of mobile network operators in Europe,https://www.pts.se/globalassets/startpage/dokument/icke-legala-dokument/rapporter/2021/telefoni/svensk-telekommarknad-2020_1.pdf,https://en.wikipedia.org/wiki/List_of_mobile_network_operators_in_Europe,ok,https://www.pts.se/404,http://web.archive.org/web/20240414203001/https://pts.se/globalassets/startpage/dokument/icke-legala-dokument/rapporter/2021/telefoni/svensk-telekommarknad-2020_1.pdf,available,
en,User talk:Drahtlos,https://www.pts.se/globalassets/startpage/dokument/bransch/telefoni/nummer-och-adressering/tekniska-planer/plan-tmnc-rev-2023-10-18.pdf,https://en.wikipedia.org/wiki/User_talk:Drahtlos,ok,https://www.pts.se/404,http://web.archive.org/web/20240125165317/https://www.pts.se/globalassets/startpage/dokument/bransch/telefoni/nummer-och-adressering/tekniska-planer/plan-tmnc-rev-2023-10-18.pdf,available,
en,European Accessibility Act,https://pts.se/digital-inkludering/lagen-om-vissa-produkters-och-tjansters-tillganglighet/vanliga-fragor-och-svar-om-tillganglighetslagen/,https://en.wikipedia.org/wiki/European_Accessibility_Act,ok,https://pts.se/digital-inkludering/lagen-om-vissa-produkters-och-tjansters-tillganglighet/vanliga-fragor-och-svar-om-tillganglighetslagen/,http://web.archive.org/web/20251113180528/https://www.pts.se/digital-inkludering/lagen-om-vissa-produkters-och-tjansters-tillganglighet/vanliga-fragor-och-svar-om-tillganglighetslagen/,available,
es,Discusión:Monopolio/Candidatura a destacado,http://www.pts.se/Archive/Documents/SE/Regulation_and_Competition_Law_in_European_Telecommunications.pdf,https://es.wikipedia.org/wiki/Discusión:Monopolio/Candidatura_a_destacado,ok,https://www.pts.se:443/404,,missing,
es,Bloqueador de llamadas por celular,http://www.pts.se/sv/Radio/Utrustning/Forbud-mot-storsandare/,https://es.wikipedia.org/wiki/Bloqueador_de_llamadas_por_celular,ok,https://www.pts.se:443/sv/Radio/Utrustning/Forbud-mot-storsandare/,http://web.archive.org/web/20130514122114/http://pts.se/sv/Radio/Utrustning/Forbud-mot-storsandare/,available,
nl,Gsm-jammer,http://www.pts.se/sv/Radio/Utrustning/Forbud-mot-storsandare/,https://nl.wikipedia.org/wiki/Gsm-jammer,ok,https://www.pts.se:443/sv/Radio/Utrustning/Forbud-mot-storsandare/,http://web.archive.org/web/20130514122114/http://pts.se/sv/Radio/Utrustning/Forbud-mot-storsandare/,available,
nl,Gebruiker:Rblokland/Kladblok,http://www.pts.se/,https://nl.wikipedia.org/wiki/Gebruiker:Rblokland/Kladblok,ok,https://www.pts.se:443/,http://web.archive.org/web/20260104135946/https://www.pts.se/,available,
nl,Gebruiker:RonnieV/BEREC,https://www.pts.se/en/,https://nl.wikipedia.org/wiki/Gebruiker:RonnieV/BEREC,ok,https://www.pts.se/en/,http://web.archive.org/web/20251210143058/https://www.pts.se/en/,available,
no,Nordisk mobiltelefonsystem (NMT),http://www.pts.se/sv/Nyheter/Pressmeddelanden/2007/Det-forsta-svenska-mobilnatet-slacks-den-31-december-2007/,https://no.wikipedia.org/wiki/Nordisk_mobiltelefonsystem_(NMT),ok,https://www.pts.se:443/sv/Nyheter/Pressmeddelanden/2007/Det-forsta-svenska-mobilnatet-slacks-den-31-december-2007/,http://web.archive.org/web/20180114184707/http://www.pts.se/sv/Nyheter/Pressmeddelanden/2007/Det-forsta-svenska-mobilnatet-slacks-den-31-december-2007/,available,
no,Post- och telestyrelsen,http://www.pts.se/,https://no.wikipedia.org/wiki/Post-_och_telestyrelsen,ok,https://www.pts.se:443/,http://web.archive.org/web/20260104135946/https://www.pts.se/,available,
no,Post- och telestyrelsen,http://www.pts.se/,https://no.wikipedia.org/wiki/Post-_och_telestyrelsen,ok,https://www.pts.se:443/,http://web.archive.org/web/20260104135946/https://www.pts.se/,available,
no,Post- och telestyrelsen,https://www.pts.se/,https://no.wikipedia.org/wiki/Post-_och_telestyrelsen,ok,https://www.pts.se/,http://web.archive.org/web/20260104135946/https://www.pts.se/,available,
no,113 13,http://www.pts.se/upload/Remisser/2012/Telefoni/12-1322/Beslut%2011-serien%20-%20informationsnummer%20-%20remiss.pdf,https://no.wikipedia.org/wiki/113_13,ok,https://www.pts.se:443/404,http://web.archive.org/web/20121115160019/http://www.pts.se/upload/Remisser/2012/Telefoni/12-1322/Beslut%2011-serien%20-%20informationsnummer%20-%20remiss.pdf,available,
no,2G,https://pts.se/internet-och-telefoni/teknikskifte/,https://no.wikipedia.org/wiki/2G,ok,https://pts.se/internet-och-telefoni/teknikskifte/,http://web.archive.org/web/20251230140112/https://pts.se/internet-och-telefoni/teknikskifte/,available,
pl,Onsala,http://www.pts.se/globalassets/startpage/bransch/telefoni/nummerplan/sverigekarta.pdf,https://pl.wikipedia.org/wiki/Onsala,ok,https://www.pts.se:443/404,http://web.archive.org/web/20180413022855/http://www.pts.se:80/globalassets/startpage/bransch/telefoni/nummerplan/sverigekarta.pdf,available,
sv,Teracom Mobil,http://www.pts.se/sv/Dokument/Beslut/Spektrum/2010/Beslut-om-extra-tilldelning-i-450-MHz-bandet-for-AINMT---10-781/,https://sv.wikipedia.org/wiki/Teracom_Mobil,ok,https://www.pts.se:443/sv/Dokument/Beslut/Spektrum/2010/Beslut-om-extra-tilldelning-i-450-MHz-bandet-for-AINMT---10-781/,http://web.archive.org/web/20161006040716/http://www.pts.se:80/sv/Dokument/Beslut/Spektrum/2010/Beslut-om-extra-tilldelning-i-450-MHz-bandet-for-AINMT---10-781/,available,
sv,Diskussion:Rix Port80,http://www.pts.se/Archive/Documents/SE/Bilaga_2a_011-039.pdf,https://sv.wikipedia.org/wiki/Diskussion:Rix_Port80,ok,https://www.pts.se:443/404,,missing,
sv,Wikipedia:Bybrunnen/Arkiv/2010/Juni,http://www.pts.se/upload/Documents/SE/90_serien_Rapport_anvandare_90_078_serien_arbetsgrupp_061116.pdf,https://sv.wikipedia.org/wiki/Wikipedia:Bybrunnen/Arkiv/2010/Juni,ok,https://www.pts.se:443/404,http://web.archive.org/web/20160306124752/http://www.pts.se/upload/Documents/SE/90_serien_Rapport_anvandare_90_078_serien_arbetsgrupp_061116.pdf,available,
sv,Tele2,http://www.pts.se/sv/Nyheter/Pressmeddelanden/2000/UMTS-beslut/,https://sv.wikipedia.org/wiki/Tele2,ok,https://www.pts.se:443/sv/Nyheter/Pressmeddelanden/2000/UMTS-beslut/,http://web.archive.org/web/20150515040220/http://pts.se/sv/Nyheter/Pressmeddelanden/2000/UMTS-beslut/,available,
sv,113 13,http://www.pts.se/upload/Remisser/2012/Telefoni/12-1322/Beslut%2011-serien%20-%20informationsnummer%20-%20remiss.pdf,https://sv.wikipedia.org/wiki/113_13,ok,https://www.pts.se:443/404,http://web.archive.org/web/20121115160019/http://www.pts.se/upload/Remisser/2012/Telefoni/12-1322/Beslut%2011-serien%20-%20informationsnummer%20-%20remiss.pdf,available,
sv,Diskussion:Privatradio,http://pts.se/sv/Sok/?quicksearchquery=privatradio,https://sv.wikipedia.org/wiki/Diskussion:Privatradio,ok,https://pts.se:443/sv/Sok/?quicksearchquery=privatradio,,missing,
sv,116 000,http://www.pts.se/upload/Beslut/Telefoni/2007/Beslut-11-serien-inforande-116-071210.pdf,https://sv.wikipedia.org/wiki/116_000,ok,https://www.pts.se:443/404,http://web.archive.org/web/20160308001913/http://www.pts.se/upload/Beslut/Telefoni/2007/Beslut-11-serien-inforande-116-071210.pdf,available,
sv,Wikipedia:Faktafrågor/Arkiv 2011,http://e-tjanster.pts.se/radio/frekvensplanen/,https://sv.wikipedia.org/wiki/Wikipedia:Faktafrågor/Arkiv_2011,error,,,missing,"HTTPConnectionPool(host='e-tjanster.pts.se', port=80): Max retries exceeded with url: /radio/frekvensplanen/ (Caused by NewConnectionError('<urllib3.connection.HTTPConnection object at 0x1316d5490>: Failed to establish a new connection: [Errno 8] nodename nor servname provided, or not known'))"
sv,Diskussion:Slöjdklubben,http://www.pts.se/sv/Funktionshinder/PTS-innovationstavling/Avslutade-tavlingar/Kultur-och-fritid/#slojdklubben,https://sv.wikipedia.org/wiki/Diskussion:Slöjdklubben,ok,https://www.pts.se:443/sv/Funktionshinder/PTS-innovationstavling/Avslutade-tavlingar/Kultur-och-fritid/#slojdklubben,http://web.archive.org/web/20130206182053/http://www.pts.se/sv/Funktionshinder/PTS-innovationstavling/Avslutade-tavlingar/Kultur-och-fritid/,available,
sv,90 000,http://www.pts.se/upload/Documents/SE/Ring%20for%20livet%20-%20rapport%20om%20nodsamtal.pdf,https://sv.wikipedia.org/wiki/90_000,ok,https://www.pts.se:443/404,http://web.archive.org/web/20160307125811/http://www.pts.se/upload/Documents/SE/Ring%20for%20livet%20-%20rapport%20om%20nodsamtal.pdf,available,
sv,Diskussion:Rix Port80,http://www.pts.se/Archive/Documents/SE/Bilaga_2a_060-098.pdf,https://sv.wikipedia.org/wiki/Diskussion:Rix_Port80,ok,https://www.pts.se:443/404,,missing,
sv,Wikipedia:Faktafrågor/Arkiv 2009,http://www.pts.se/sv/Nyheter/Pressmeddelanden/2001/Fler%20kanaler%20f%C3%B6r%20jaktradio/,https://sv.wikipedia.org/wiki/Wikipedia:Faktafrågor/Arkiv_2009,ok,https://www.pts.se:443/sv/Nyheter/Pressmeddelanden/2001/Fler%20kanaler%20f%C3%B6r%20jaktradio/,http://web.archive.org/web/20100831223513/http://www.pts.se/sv/Nyheter/Pressmeddelanden/2001/Fler%20kanaler%20f%C3%B6r%20jaktradio/,available,
sv,116 000,http://www.pts.se/sv/Nyheter/Telefoni/2007/Hjalpsokande-barn---nytt-telefonnummer2/,https://sv.wikipedia.org/wiki/116_000,ok,https://www.pts.se:443/sv/Nyheter/Telefoni/2007/Hjalpsokande-barn---nytt-telefonnummer2/,,missing,
sv,4G,http://www.pts.se/sv/Nyheter/Pressmeddelanden/2008/Spektrumauktionen-i-26-GHz-bandet-avslutad--totalt-varde-21-miljarder-kronor/,https://sv.wikipedia.org/wiki/4G,ok,https://www.pts.se:443/sv/Nyheter/Pressmeddelanden/2008/Spektrumauktionen-i-26-GHz-bandet-avslutad--totalt-varde-21-miljarder-kronor/,http://web.archive.org/web/20160326154231/http://pts.se/sv/nyheter/pressmeddelanden/2008/spektrumauktionen-i-26-ghz-bandet-avslutad--totalt-varde-21-miljarder-kronor/,available,
sv,Diskussion:90 000,http://www.pts.se/upload/Ovrigt/Tele/Nummerfragor/bilaga-2b.pdf,https://sv.wikipedia.org/wiki/Diskussion:90_000,ok,https://www.pts.se:443/404,http://web.archive.org/web/20100827022439/http://www.pts.se/upload/Ovrigt/Tele/Nummerfragor/bilaga-2b.pdf,available,
sv,Funktionell separation,http://www.pts.se/sv/Dokument/Rapporter/Telefoni/2007/Battre-bredbandskonkurrens-genom-funktionell-separation---PTS-ER-200718/,https://sv.wikipedia.org/wiki/Funktionell_separation,ok,https://www.pts.se:443/sv/Dokument/Rapporter/Telefoni/2007/Battre-bredbandskonkurrens-genom-funktionell-separation---PTS-ER-200718/,http://web.archive.org/web/20160307064014/http://www.pts.se/sv/Dokument/Rapporter/Telefoni/2007/Battre-bredbandskonkurrens-genom-funktionell-separation---PTS-ER-200718/,available,
sv,Wikipedia:Bybrunnen/Arkiv/2010/Juni,http://www.pts.se/upload/Ovrigt/Tele/Nummerfragor/bilaga-2b.pdf,https://sv.wikipedia.org/wiki/Wikipedia:Bybrunnen/Arkiv/2010/Juni,ok,https://www.pts.se:443/404,http://web.archive.org/web/20100827022439/http://www.pts.se/upload/Ovrigt/Tele/Nummerfragor/bilaga-2b.pdf,available,
sv,Marksänd digital-TV i Sverige,http://www.pts.se/sv/Nyheter/Pressmeddelanden/2009/PTS-foreslar-fortsatt-reglering-for-tv-i-marknatet/,https://sv.wikipedia.org/wiki/Marksänd_digital-TV_i_Sverige,ok,https://www.pts.se:443/sv/Nyheter/Pressmeddelanden/2009/PTS-foreslar-fortsatt-reglering-for-tv-i-marknatet/,http://web.archive.org/web/20160329100623/http://pts.se/sv/nyheter/pressmeddelanden/2009/pts-foreslar-fortsatt-reglering-for-tv-i-marknatet/,available,
sv,Nödsamtal,http://www.pts.se/upload/Documents/SE/nf_060427_bilaga6.pdf,https://sv.wikipedia.org/wiki/Nödsamtal,ok,https://www.pts.se:443/404,http://web.archive.org/web/20160307064005/http://www.pts.se/upload/Documents/SE/nf_060427_bilaga6.pdf,available,
sv,Offentligt organ,http://www.pts.se/upload/Documents/SE/definition_offentligt_organ_eu.pdf,https://sv.wikipedia.org/wiki/Offentligt_organ,ok,https://www.pts.se:443/404,http://web.archive.org/web/20160306222658/http://www.pts.se/upload/Documents/SE/definition_offentligt_organ_eu.pdf,available,
sv,Användare:Schh/11313 (telefonnummer),http://www.pts.se/upload/Ovrigt/Tele/Nrplansammanst%C3%A4llning%202008-11-14.pdf,https://sv.wikipedia.org/wiki/Användare:Schh/11313_(telefonnummer),ok,https://www.pts.se:443/404,,missing,
sv,Amatörradiocertifikat,http://www.pts.se/sv/Nyheter/Radio/2011/PTS-ger-tre-organisationer-ansvar-for-amatorradiofragor/,https://sv.wikipedia.org/wiki/Amatörradiocertifikat,ok,https://www.pts.se:443/sv/Nyheter/Radio/2011/PTS-ger-tre-organisationer-ansvar-for-amatorradiofragor/,http://web.archive.org/web/20171207020526/http://www.pts.se:80/sv/Nyheter/Radio/2011/PTS-ger-tre-organisationer-ansvar-for-amatorradiofragor/,available,
sv,112 (telefonnummer),http://www.pts.se/sv/Nyheter/Telefoni/2011/I-dag-ar-det-112-dagen/,https://sv.wikipedia.org/wiki/112_(telefonnummer),ok,https://www.pts.se:443/sv/Nyheter/Telefoni/2011/I-dag-ar-det-112-dagen/,http://web.archive.org/web/20150924083038/http://www.pts.se/sv/Nyheter/Telefoni/2011/I-dag-ar-det-112-dagen/,available,
sv,Atomfrekvensnormal,http://www.pts.se/upload/Documents/SE/Korrekt_tid_robustare_e-kom_Bilaga1_SP_2005_12.pdf,https://sv.wikipedia.org/wiki/Atomfrekvensnormal,ok,https://www.pts.se:443/404,http://web.archive.org/web/20160307090740/http://www.pts.se/upload/Documents/SE/Korrekt_tid_robustare_e-kom_Bilaga1_SP_2005_12.pdf,available,
sv,Marksänd digital-TV i Sverige,http://www.pts.se/sv/Nyheter/Radio/2007/Positivt-regeringsbeslut-om-fordelning-av-tv-frekvenser/,https://sv.wikipedia.org/wiki/Marksänd_digital-TV_i_Sverige,ok,https://www.pts.se:443/sv/Nyheter/Radio/2007/Positivt-regeringsbeslut-om-fordelning-av-tv-frekvenser/,http://web.archive.org/web/20160329134813/http://pts.se/sv/nyheter/radio/2007/positivt-regeringsbeslut-om-fordelning-av-tv-frekvenser/,available,
sv,Telepriskollen,http://www.pts.se/,https://sv.wikipedia.org/wiki/Telepriskollen,ok,https://www.pts.se:443/,http://web.archive.org/web/20260104135946/https://www.pts.se/,available,
sv,Emergency Position Indicating Radio Beacon,http://www.pts.se/upload/Documents/SE/Programmering_registrering_nodsandare_Cospas_Sarsat.pdf,https://sv.wikipedia.org/wiki/Emergency_Position_Indicating_Radio_Beacon,ok,https://www.pts.se:443/404,http://web.archive.org/web/20160307104408/http://www.pts.se/upload/Documents/SE/Programmering_registrering_nodsandare_Cospas_Sarsat.pdf,available,
sv,Stadsnät,http://pts.se/,https://sv.wikipedia.org/wiki/Stadsnät,ok,https://pts.se:443/,,missing,
sv,Bosse Svensson,http://www.pts.se/sv/OmPTS/Organisation/Ledning/,https://sv.wikipedia.org/wiki/Bosse_Svensson,ok,https://www.pts.se:443/sv/OmPTS/Organisation/Ledning/,http://web.archive.org/web/20130509033146/http://pts.se/sv/OmPTS/Organisation/Ledning/,available,
sv,Riktnummer,http://www.pts.se/sv/Dokument/Remisser/2010/Remiss-angaende-PTS-forslag-pa-framtida-forandring-av-telefoninummerplanen---10-8918/,https://sv.wikipedia.org/wiki/Riktnummer,ok,https://www.pts.se:443/sv/Dokument/Remisser/2010/Remiss-angaende-PTS-forslag-pa-framtida-forandring-av-telefoninummerplanen---10-8918/,http://web.archive.org/web/20170923020406/http://www.pts.se:80/sv/Dokument/Remisser/2010/Remiss-angaende-PTS-forslag-pa-framtida-forandring-av-telefoninummerplanen---10-8918/,available,
sv,Post- och telestyrelsen,http://www.pts.se/,https://sv.wikipedia.org/wiki/Post-_och_telestyrelsen,ok,https://www.pts.se:443/,http://web.archive.org/web/20260104135946/https://www.pts.se/,available,
sv,Wikipedia:Faktafrågor/Arkiv 2009,http://www.pts.se/upload/Foreskrifter/Radio/PTSFS-2008-04-undantagsforeskrifter-vissa-radiosandare.pdf,https://sv.wikipedia.org/wiki/Wikipedia:Faktafrågor/Arkiv_2009,ok,https://www.pts.se:443/404,http://web.archive.org/web/20160307064020/http://www.pts.se/upload/Foreskrifter/Radio/PTSFS-2008-04-undantagsforeskrifter-vissa-radiosandare.pdf,available,
sv,Wikipedia:Bybrunnen/Arkiv/2007/Juli,http://www.pts.se/Nyheter/pressmeddelande.asp?ItemID=613,https://sv.wikipedia.org/wiki/Wikipedia:Bybrunnen/Arkiv/2007/Juli,ok,https://www.pts.se:443/Nyheter/pressmeddelande.asp?ItemID=613,http://web.archive.org/web/20041109080203/http://www.pts.se:80/Nyheter/pressmeddelande.asp?ItemId=613,available,
sv,Nödsamtal,http://www.pts.se/upload/Foreskrifter/Tele/ptsfs-2008-2-nodsamtal.pdf,https://sv.wikipedia.org/wiki/Nödsamtal,ok,https://www.pts.se:443/404,http://web.archive.org/web/20160308180036/http://www.pts.se/upload/Foreskrifter/Tele/ptsfs-2008-2-nodsamtal.pdf,available,
sv,Grossistprodukt för telefoniabonnemang,https://www.pts.se/upload/Rapporter/Tele/2010/Svensk-telemarknad-2009.pdf,https://sv.wikipedia.org/wiki/Grossistprodukt_för_telefoniabonnemang,ok,https://www.pts.se/404,http://web.archive.org/web/20101220154713/http://pts.se/upload/Rapporter/Tele/2010/Svensk-telemarknad-2009.pdf,available,
sv,Binero,http://www.pts.se/sv/Nyheter/Internet/2009/PTS-vill-se-starkt-efterhandsprovning-av-domannamn-som-kan-forvaxlas-med-bankverksamhet/,https://sv.wikipedia.org/wiki/Binero,ok,https://www.pts.se:443/sv/Nyheter/Internet/2009/PTS-vill-se-starkt-efterhandsprovning-av-domannamn-som-kan-forvaxlas-med-bankverksamhet/,http://web.archive.org/web/20160604004132/http://www.pts.se/sv/Nyheter/internet/2009/PTS-vill-se-starkt-efterhandsprovning-av-domannamn-som-kan-forvaxlas-med-bankverksamhet/,available,
sv,Tele2,http://www.pts.se/sv/Nyheter/Pressmeddelanden/2008/Spektrumauktionen-i-26-GHz-bandet-avslutad--totalt-varde-21-miljarder-kronor/,https://sv.wikipedia.org/wiki/Tele2,ok,https://www.pts.se:443/sv/Nyheter/Pressmeddelanden/2008/Spektrumauktionen-i-26-GHz-bandet-avslutad--totalt-varde-21-miljarder-kronor/,http://web.archive.org/web/20160326154231/http://pts.se/sv/nyheter/pressmeddelanden/2008/spektrumauktionen-i-26-ghz-bandet-avslutad--totalt-varde-21-miljarder-kronor/,available,
sv,Spektrumauktion,http://www.pts.se/sv/Nyheter/Pressmeddelanden/2008/Spektrumauktionen-i-26-GHz-bandet-avslutad--totalt-varde-21-miljarder-kronor/,https://sv.wikipedia.org/wiki/Spektrumauktion,ok,https://www.pts.se:443/sv/Nyheter/Pressmeddelanden/2008/Spektrumauktionen-i-26-GHz-bandet-avslutad--totalt-varde-21-miljarder-kronor/,http://web.archive.org/web/20160326154231/http://pts.se/sv/nyheter/pressmeddelanden/2008/spektrumauktionen-i-26-ghz-bandet-avslutad--totalt-varde-21-miljarder-kronor/,available,
sv,Användare:Schh/11313 (telefonnummer),http://www.pts.se/upload/Remisser/2012/Telefoni/12-1322/Beslut%2011-serien%20-%20informationsnummer%20-%20remiss.pdf,https://sv.wikipedia.org/wiki/Användare:Schh/11313_(telefonnummer),ok,https://www.pts.se:443/404,http://web.archive.org/web/20121115160019/http://www.pts.se/upload/Remisser/2012/Telefoni/12-1322/Beslut%2011-serien%20-%20informationsnummer%20-%20remiss.pdf,available,
sv,Post- och telestyrelsen,http://www.pts.se/,https://sv.wikipedia.org/wiki/Post-_och_telestyrelsen,ok,https://www.pts.se:443/,http://web.archive.org/web/20260104135946/https://www.pts.se/,available,
sv,Teracom Mobil,http://www.pts.se/sv/Dokument/Domar/2008/LR-Lansrattenavslar-Generics-overklagande-av-PTS-beslut-att-tilldela-Nordisk-Mobiltelefon-Sverige-ABNMT-ytterligare-frekvensutrymme-i-450-bandet---Malnr-1784-08-2008-06-18/,https://sv.wikipedia.org/wiki/Teracom_Mobil,ok,https://www.pts.se:443/sv/Dokument/Domar/2008/LR-Lansrattenavslar-Generics-overklagande-av-PTS-beslut-att-tilldela-Nordisk-Mobiltelefon-Sverige-ABNMT-ytterligare-frekvensutrymme-i-450-bandet---Malnr-1784-08-2008-06-18/,http://web.archive.org/web/20161006040430/http://www.pts.se:80/sv/Dokument/Domar/2008/LR-Lansrattenavslar-Generics-overklagande-av-PTS-beslut-att-tilldela-Nordisk-Mobiltelefon-Sverige-ABNMT-ytterligare-frekvensutrymme-i-450-bandet---Malnr-1784-08-2008-06-18/,available,
sv,Datalagringsdirektivet,https://www.pts.se/sv/Nyheter/Telefoni/2014/PTS-kommer-inte-i-nulaget-att-vidta-atgarder-utifran-datalagringsreglerna/,https://sv.wikipedia.org/wiki/Datalagringsdirektivet,ok,https://www.pts.se/sv/Nyheter/Telefoni/2014/PTS-kommer-inte-i-nulaget-att-vidta-atgarder-utifran-datalagringsreglerna/,http://web.archive.org/web/20160701151533/http://www.pts.se:80/sv/Nyheter/Telefoni/2014/PTS-kommer-inte-i-nulaget-att-vidta-atgarder-utifran-datalagringsreglerna/,available,
sv,Telia Digital-TV,http://www.statistik.pts.se/pts2012/Marknadsandelar.htm,https://sv.wikipedia.org/wiki/Telia_Digital-TV,error,,http://web.archive.org/web/20160308025315/http://www.statistik.pts.se/pts2012/Marknadsandelar.htm,available,"HTTPConnectionPool(host='www.statistik.pts.se', port=80): Max retries exceeded with url: /pts2012/Marknadsandelar.htm (Caused by NewConnectionError('<urllib3.connection.HTTPConnection object at 0x1314a5310>: Failed to establish a new connection: [Errno 8] nodename nor servname provided, or not known'))"
sv,Datalagringsdirektivet,http://www.pts.se/upload/Ovrigt/Internet/Tradala/Brev_angaende_lagring_av_trafikuppgifter_2014.pdf,https://sv.wikipedia.org/wiki/Datalagringsdirektivet,ok,https://www.pts.se:443/404,http://web.archive.org/web/20160609193616/http://www.pts.se/upload/Ovrigt/Internet/Tradala/Brev_angaende_lagring_av_trafikuppgifter_2014.pdf,available,
sv,Mobiloperatör,http://pts.se/sv/Privat/Telefoni/Mobil-telefoni/,https://sv.wikipedia.org/wiki/Mobiloperatör,ok,https://pts.se:443/sv/Privat/Telefoni/Mobil-telefoni/,http://web.archive.org/web/20230607064522/https://pts.se/sv/privat/telefoni/mobil-telefoni/,available,
sv,European Rail Traffic Management System,https://www.pts.se/upload/Remisser/2011/Radio/11-5602-trafikverket.PDF,https://sv.wikipedia.org/wiki/European_Rail_Traffic_Management_System,ok,https://www.pts.se/404,http://web.archive.org/web/20180726135111/https://www.pts.se/upload/Remisser/2011/Radio/11-5602-trafikverket.PDF,available,
sv,Slutanvändare,http://www.pts.se/sv/Bransch/Regler/Lagar/Lag-om-elektronisk-kommunikation/Nyheter-for-konsumenter-fran-1-juli-2011/,https://sv.wikipedia.org/wiki/Slutanvändare,ok,https://www.pts.se:443/sv/Bransch/Regler/Lagar/Lag-om-elektronisk-kommunikation/Nyheter-for-konsumenter-fran-1-juli-2011/,http://web.archive.org/web/20180209150859/http://www.pts.se:80/sv/bransch/regler/lagar/lag-om-elektronisk-kommunikation/nyheter-for-konsumenter-fran-1-juli-2011/,available,
sv,Nödnummer,http://www.pts.se/sv/Bransch/Telefoni/Nummerfragor/Nodnummer-och-SOS/,https://sv.wikipedia.org/wiki/Nödnummer,ok,https://www.pts.se:443/sv/Bransch/Telefoni/Nummerfragor/Nodnummer-och-SOS/,,missing,
sv,Posten,http://www.pts.se/sv/Dokument/Rapporter/Post/2004/Den-svenska-postmarknaden---en-beskrivning-och-overgripande-analys---PTS-ER-200420/,https://sv.wikipedia.org/wiki/Posten,ok,https://www.pts.se:443/sv/Dokument/Rapporter/Post/2004/Den-svenska-postmarknaden---en-beskrivning-och-overgripande-analys---PTS-ER-200420/,http://web.archive.org/web/20160323232848/http://pts.se/sv/dokument/rapporter/post/2004/den-svenska-postmarknaden---en-beskrivning-och-overgripande-analys---pts-er-200420/,available,
sv,GSM-R,https://www.pts.se/upload/Remisser/2015/gsm_r/gms_r-forslag-beslut-Hi3G.pdf,https://sv.wikipedia.org/wiki/GSM-R,ok,https://www.pts.se/404,http://web.archive.org/web/20160307104358/https://www.pts.se/upload/Remisser/2015/gsm_r/gms_r-forslag-beslut-Hi3G.pdf,available,
sv,Göran Marby,https://www.pts.se/en-GB/News/Press-releases/2013/Goran-Marby-becomes-new-chair-of-BEREC-in-2014/,https://sv.wikipedia.org/wiki/Göran_Marby,ok,https://www.pts.se/en-GB/News/Press-releases/2013/Goran-Marby-becomes-new-chair-of-BEREC-in-2014/,,missing,
sv,Störsändare,http://pts.se/sv/Privat/Radio/Utrustning/Forbud-mot-storsandare/,https://sv.wikipedia.org/wiki/Störsändare,ok,https://pts.se:443/sv/Privat/Radio/Utrustning/Forbud-mot-storsandare/,http://web.archive.org/web/20240421045547/https://pts.se/sv/privat/radio/utrustning/forbud-mot-storsandare/,available,
sv,Störsändare,http://www.pts.se/sv/Nyheter/Radio/2004/Storsandare-pa-kriminalvardsanstalter/,https://sv.wikipedia.org/wiki/Störsändare,ok,https://www.pts.se:443/sv/Nyheter/Radio/2004/Storsandare-pa-kriminalvardsanstalter/,http://web.archive.org/web/20160310102511/http://www.pts.se/sv/Nyheter/Radio/2004/Storsandare-pa-kriminalvardsanstalter/,available,
sv,Användare:Datakunskapskurs/Projektsida,http://www.pts.se/pts/Templates/Page.aspx?id=27294&epslanguage=SV,https://sv.wikipedia.org/wiki/Användare:Datakunskapskurs/Projektsida,ok,https://www.pts.se:443/pts/Templates/Page.aspx?id=27294&epslanguage=SV,http://web.archive.org/web/20130616030325/http://www.pts.se/pts/Templates/Page.aspx?id=27294&epslanguage=SV,available,
sv,Short Range Certificate,https://www.pts.se/sv/Bransch/Radio/Radiotillstand/Maritim-radio/Batradio-VHF/,https://sv.wikipedia.org/wiki/Short_Range_Certificate,ok,https://www.pts.se/sv/Bransch/Radio/Radiotillstand/Maritim-radio/Batradio-VHF/,http://web.archive.org/web/20201128104959/https://pts.se/sv/bransch/radio/radiotillstand/maritim-radio/batradio-vhf/,available,
sv,Marksänd digital-TV i Sverige,http://www.pts.se/sv/Dokument/Rapporter/Radio/2016/Marksand-tv-under-694-MHz-efter-den-31-mars-2017---PTS-ER-20162/,https://sv.wikipedia.org/wiki/Marksänd_digital-TV_i_Sverige,ok,https://www.pts.se:443/sv/Dokument/Rapporter/Radio/2016/Marksand-tv-under-694-MHz-efter-den-31-mars-2017---PTS-ER-20162/,http://web.archive.org/web/20240305042548/https://www.pts.se/sv/Dokument/Rapporter/Radio/2016/Marksand-tv-under-694-MHz-efter-den-31-mars-2017---PTS-ER-20162/,available,
sv,Göran Marby,http://www.pts.se/sv/Nyheter/Om-PTS/2015/Goran-Marby-far-forlangt-forordnande-i-tre-ar/,https://sv.wikipedia.org/wiki/Göran_Marby,ok,https://www.pts.se:443/sv/Nyheter/Om-PTS/2015/Goran-Marby-far-forlangt-forordnande-i-tre-ar/,http://web.archive.org/web/20170724121136/http://pts.se/sv/Nyheter/Om-PTS/2015/Goran-Marby-far-forlangt-forordnande-i-tre-ar/,available,
sv,Catarina Wretman,http://www.pts.se/sv/Nyheter/Om-PTS/2010/Catarina-Wretman-stallforetradande-generaldirektor/,https://sv.wikipedia.org/wiki/Catarina_Wretman,ok,https://www.pts.se:443/sv/Nyheter/Om-PTS/2010/Catarina-Wretman-stallforetradande-generaldirektor/,http://web.archive.org/web/20170725072112/http://pts.se/sv/Nyheter/Om-PTS/2010/Catarina-Wretman-stallforetradande-generaldirektor/,available,
sv,Catarina Wretman,http://www.pts.se/sv/Press/Pressbilder/,https://sv.wikipedia.org/wiki/Catarina_Wretman,ok,https://www.pts.se:443/sv/Press/Pressbilder/,http://web.archive.org/web/20171124124237/http://pts.se:80/sv/Press/Pressbilder/,available,
sv,Catarina Wretman,http://www.pts.se/sv/Om-PTS/Organisation/Ledning/,https://sv.wikipedia.org/wiki/Catarina_Wretman,ok,https://www.pts.se:443/sv/Om-PTS/Organisation/Ledning/,http://web.archive.org/web/20171124082131/http://pts.se:80/sv/Om-PTS/Organisation/Ledning/,available,
sv,Catarina Wretman,http://www.pts.se/sv/Nyheter/Om-PTS/2016/Catarina-Wretman-blir-tillforordnad-generaldirektor-for-PTS/,https://sv.wikipedia.org/wiki/Catarina_Wretman,ok,https://www.pts.se:443/sv/Nyheter/Om-PTS/2016/Catarina-Wretman-blir-tillforordnad-generaldirektor-for-PTS/,http://web.archive.org/web/20190920040912/https://pts.se/sv/nyheter/om-pts/2016/catarina-wretman-blir-tillforordnad-generaldirektor-for-pts/,available,
sv,Göran Marby,http://www.pts.se/sv/Nyheter/Om-PTS/2016/Catarina-Wretman-blir-tillforordnad-generaldirektor-for-PTS/,https://sv.wikipedia.org/wiki/Göran_Marby,ok,https://www.pts.se:443/sv/Nyheter/Om-PTS/2016/Catarina-Wretman-blir-tillforordnad-generaldirektor-for-PTS/,http://web.archive.org/web/20190920040912/https://pts.se/sv/nyheter/om-pts/2016/catarina-wretman-blir-tillforordnad-generaldirektor-for-pts/,available,
sv,Nätneutralitet,https://www.pts.se/sv/Bransch/Internet/Oppenhet-till-internet/,https://sv.wikipedia.org/wiki/Nätneutralitet,ok,https://www.pts.se/sv/Bransch/Internet/Oppenhet-till-internet/,,missing,
sv,Post- och telestyrelsen,https://www.pts.se/sv/Om-PTS/Internationellt-arbete/Berec-och-IRG/,https://sv.wikipedia.org/wiki/Post-_och_telestyrelsen,ok,https://www.pts.se/sv/Om-PTS/Internationellt-arbete/Berec-och-IRG/,,missing,
sv,Teracom Mobil,http://www.pts.se/sv/Nyheter/Pressmeddelanden/2005/PTS-ger-tillstand-till-digitalt-mobiltelefonnat-i-450-MHz--bandet/,https://sv.wikipedia.org/wiki/Teracom_Mobil,ok,https://www.pts.se:443/sv/Nyheter/Pressmeddelanden/2005/PTS-ger-tillstand-till-digitalt-mobiltelefonnat-i-450-MHz--bandet/,http://web.archive.org/web/20161006062318/http://www.pts.se:80/sv/Nyheter/Pressmeddelanden/2005/PTS-ger-tillstand-till-digitalt-mobiltelefonnat-i-450-MHz--bandet/,available,
sv,Teracom Mobil,http://www.pts.se/sv/Nyheter/Radio/2007/Nordisk-Mobiltelefon-Sverige-AB-tilldelas-450-bandet,https://sv.wikipedia.org/wiki/Teracom_Mobil,ok,https://www.pts.se:443/sv/Nyheter/Radio/2007/Nordisk-Mobiltelefon-Sverige-AB-tilldelas-450-bandet,http://web.archive.org/web/20161006055608/http://www.pts.se:80/sv/Nyheter/Radio/2007/Nordisk-Mobiltelefon-Sverige-AB-tilldelas-450-bandet/,available,
sv,Epub,https://www.pts.se/upload/Innovation%20f%C3%B6r%20alla/Rapport-epub3-studie.pdf,https://sv.wikipedia.org/wiki/Epub,ok,https://www.pts.se/404,http://web.archive.org/web/20161104020433/https://www.pts.se/upload/Innovation%20f%C3%B6r%20alla/Rapport-epub3-studie.pdf,available,
sv,Gemensamhetstunnel,https://www.pts.se/upload/Rapporter/Internet/2014/utredning-ekom-branden-forsorjningstunnel-pts-er-2014_20.pdf,https://sv.wikipedia.org/wiki/Gemensamhetstunnel,ok,https://www.pts.se/404,http://web.archive.org/web/20180521191458/https://www.pts.se/upload/Rapporter/Internet/2014/utredning-ekom-branden-forsorjningstunnel-pts-er-2014_20.pdf,available,
sv,C/o,http://www.pts.se/sv/Privat/Post/Fa-brev-och-paket/Om-Care-Of-adressering/,https://sv.wikipedia.org/wiki/C/o,ok,https://www.pts.se:443/sv/Privat/Post/Fa-brev-och-paket/Om-Care-Of-adressering/,http://web.archive.org/web/20180508073651/http://www.pts.se:80/sv/Privat/Post/Fa-brev-och-paket/Om-Care-Of-adressering,available,
sv,Diskussion:Postoperatör,http://www.pts.se/sv/Bransch/Post/Lista-over-postoperatorer/,https://sv.wikipedia.org/wiki/Diskussion:Postoperatör,ok,https://www.pts.se:443/sv/Bransch/Post/Lista-over-postoperatorer/,http://web.archive.org/web/20130514074623/http://pts.se/sv/Bransch/Post/Lista-over-postoperatorer/,available,
sv,Diskussion:Experimenterande Svenska Radioamatörer,http://www.pts.se/sv/Nyheter/Radio/2011/PTS-ger-tre-organisationer-ansvar-for-amatorradiofragor/,https://sv.wikipedia.org/wiki/Diskussion:Experimenterande_Svenska_Radioamatörer,ok,https://www.pts.se:443/sv/Nyheter/Radio/2011/PTS-ger-tre-organisationer-ansvar-for-amatorradiofragor/,http://web.archive.org/web/20171207020526/http://www.pts.se:80/sv/Nyheter/Radio/2011/PTS-ger-tre-organisationer-ansvar-for-amatorradiofragor/,available,
sv,Diskussion:Telia Digital-TV,http://www.statistik.pts.se/pts2012/Marknadsandelar.htm,https://sv.wikipedia.org/wiki/Diskussion:Telia_Digital-TV,error,,http://web.archive.org/web/20160308025315/http://www.statistik.pts.se/pts2012/Marknadsandelar.htm,available,"HTTPConnectionPool(host='www.statistik.pts.se', port=80): Max retries exceeded with url: /pts2012/Marknadsandelar.htm (Caused by NewConnectionError('<urllib3.connection.HTTPConnection object at 0x1314a5310>: Failed to establish a new connection: [Errno 8] nodename nor servname provided, or not known'))"
sv,Lista över svenska riktnummer,https://www.pts.se/sv/bransch/telefoni/nummer-och-adressering/telefoninummerplanen/telefoninummerplanens-disposition/,https://sv.wikipedia.org/wiki/Lista_över_svenska_riktnummer,ok,https://www.pts.se/sv/bransch/telefoni/nummer-och-adressering/telefoninummerplanen/telefoninummerplanens-disposition/,http://web.archive.org/web/20240424065854/https://www.pts.se/sv/bransch/telefoni/nummer-och-adressering/telefoninummerplanen/telefoninummerplanens-disposition/,available,
sv,Telefonnummer,https://www.pts.se/sv/bransch/telefoni/nummer-och-adressering/telefoninummerplanen/telefonnummers-struktur/,https://sv.wikipedia.org/wiki/Telefonnummer,ok,https://www.pts.se/sv/bransch/telefoni/nummer-och-adressering/telefoninummerplanen/telefonnummers-struktur/,http://web.archive.org/web/20240421062140/https://pts.se/sv/bransch/telefoni/nummer-och-adressering/telefoninummerplanen/telefonnummers-struktur/,available,
sv,Användardiskussion:Ahi-nama,http://www.pts.se/sv/lattlast/bredband/,https://sv.wikipedia.org/wiki/Användardiskussion:Ahi-nama,ok,https://www.pts.se:443/sv/lattlast/bredband/,http://web.archive.org/web/20230928004411/https://pts.se/sv/lattlast/bredband/,available,
sv,Bredband,http://www.statistik.pts.se/media/1305/pts-mobiltaecknings-och-bredbandskartlaeggning-2017.pdf,https://sv.wikipedia.org/wiki/Bredband,error,,http://web.archive.org/web/20240417162118/https://statistik.pts.se/media/1305/pts-mobiltaecknings-och-bredbandskartlaeggning-2017.pdf,available,"HTTPConnectionPool(host='www.statistik.pts.se', port=80): Max retries exceeded with url: /media/1305/pts-mobiltaecknings-och-bredbandskartlaeggning-2017.pdf (Caused by NewConnectionError('<urllib3.connection.HTTPConnection object at 0x131628710>: Failed to establish a new connection: [Errno 8] nodename nor servname provided, or not known'))"
sv,Amatörradiocertifikat,https://pts.se/sv/privat/radio/amatorradio/,https://sv.wikipedia.org/wiki/Amatörradiocertifikat,ok,https://pts.se/sv/privat/radio/amatorradio/,http://web.archive.org/web/20240511103401/https://pts.se/sv/privat/radio/amatorradio/,available,
sv,Norrland,https://www.pts.se/globalassets/startpage/dokument/icke-legala-dokument/faktablad/telefoni/faktablad-riktnummer-bokstavsordning-pts-f-2011_1.pdf,https://sv.wikipedia.org/wiki/Norrland,ok,https://www.pts.se/404,http://web.archive.org/web/20230326090945/https://pts.se/globalassets/startpage/dokument/icke-legala-dokument/faktablad/telefoni/faktablad-riktnummer-bokstavsordning-pts-f-2011_1.pdf,available,
sv,Postnummer i Sverige,https://pts.se/sv/privat/post/postnummer/,https://sv.wikipedia.org/wiki/Postnummer_i_Sverige,ok,https://pts.se/sv/privat/post/postnummer/,http://web.archive.org/web/20240424090453/https://www.pts.se/sv/privat/post/postnummer/,available,
sv,Post- och telestyrelsen,https://pts.se/sv/dokument/faktablad/ovrigt2/faktablad---om-post--och-telestyrelsen---pts-f-20141/,https://sv.wikipedia.org/wiki/Post-_och_telestyrelsen,ok,https://pts.se/sv/dokument/faktablad/ovrigt2/faktablad---om-post--och-telestyrelsen---pts-f-20141/,http://web.archive.org/web/20220119200343/https://pts.se/sv/dokument/faktablad/ovrigt2/faktablad---om-post--och-telestyrelsen---pts-f-20141/,available,
sv,Diskussion:C/o,https://pts.se/sv/privat/post/fa-brev-och-paket22/om-care-of-adressering/,https://sv.wikipedia.org/wiki/Diskussion:C/o,ok,https://pts.se/sv/privat/post/fa-brev-och-paket22/om-care-of-adressering/,http://web.archive.org/web/20230924023947/https://www.pts.se/sv/privat/post/fa-brev-och-paket22/om-care-of-adressering/,available,
sv,Användardiskussion:Vanished User jg2A1B45iILp4A3bfe94,https://pts.se/globalassets/startpage/dokument/icke-legala-dokument/rapporter/2016/radio/mobiltackning-2015.pdf,https://sv.wikipedia.org/wiki/Användardiskussion:Vanished_User_jg2A1B45iILp4A3bfe94,ok,https://pts.se/404,http://web.archive.org/web/20210506224151/https://www.pts.se/globalassets/startpage/dokument/icke-legala-dokument/rapporter/2016/radio/mobiltackning-2015.pdf,available,
sv,Catarina Wretman,http://pts.se/,https://sv.wikipedia.org/wiki/Catarina_Wretman,ok,https://pts.se:443/,,missing,
sv,Diskussion:Amatörradio,http://www.pts.se/sv/Radio/Amatorradio/,https://sv.wikipedia.org/wiki/Diskussion:Amatörradio,ok,https://www.pts.se:443/sv/Radio/Amatorradio/,http://web.archive.org/web/20180308231906/http://www.pts.se/sv/Radio/Amatorradio/,available,
sv,GSM,https://www.pts.se/contentassets/2ebee58918874541bf9b554c6ce63216/08-12019-beslut-900mhz-090313.pdf,https://sv.wikipedia.org/wiki/GSM,ok,https://www.pts.se/404,http://web.archive.org/web/20230326082847/https://pts.se/contentassets/2ebee58918874541bf9b554c6ce63216/08-12019-beslut-900mhz-090313.pdf,available,
sv,MMSI,https://pts.se/sv/bransch/radio/radiotillstand/maritim-radio/vad-betyder-olika-begrepp/,https://sv.wikipedia.org/wiki/MMSI,ok,https://pts.se/sv/bransch/radio/radiotillstand/maritim-radio/vad-betyder-olika-begrepp/,,missing,
sv,PMR446,https://pts.se/globalassets/startpage/dokument/legala-dokument/foreskrifter/radio/beslutade_ptsfs-2018-3-undantagsforeskrifter.pdf,https://sv.wikipedia.org/wiki/PMR446,ok,https://pts.se/404,http://web.archive.org/web/20240421122459/https://www.pts.se/globalassets/startpage/dokument/legala-dokument/foreskrifter/radio/beslutade_ptsfs-2018-3-undantagsforeskrifter.pdf,available,
sv,PMR446,https://pts.se/globalassets/startpage/dokument/legala-dokument/foreskrifter/radio/pts_allmanna-rad-om-den-svenska-frekvensplanen-ptsfs2019-1.pdf,https://sv.wikipedia.org/wiki/PMR446,ok,https://pts.se/404,,missing,
sv,IP-Only,https://www.pts.se/globalassets/startpage/dokument/icke-legala-dokument/remisser/2018/telefoni--internet/3ao3b/remissvar/ip-only-samradssvar-sep-2018_maskad.pdf,https://sv.wikipedia.org/wiki/IP-Only,ok,https://www.pts.se/404,http://web.archive.org/web/20210119051659/https://www.pts.se/globalassets/startpage/dokument/icke-legala-dokument/remisser/2018/telefoni--internet/3ao3b/remissvar/ip-only-samradssvar-sep-2018_maskad.pdf,available,
sv,Personliga nummertjänster,https://pts.se/sv/bransch/telefoni/nummer-och-adressering/telefoninummerplanen/telefoninummerplanens-disposition/,https://sv.wikipedia.org/wiki/Personliga_nummertjänster,ok,https://pts.se/sv/bransch/telefoni/nummer-och-adressering/telefoninummerplanen/telefoninummerplanens-disposition/,http://web.archive.org/web/20240424065854/https://www.pts.se/sv/bransch/telefoni/nummer-och-adressering/telefoninummerplanen/telefoninummerplanens-disposition/,available,
sv,Jaktradio,https://pts.se/globalassets/startpage/dokument/legala-dokument/foreskrifter/radio/beslutade_ptsfs-2018-3-undantagsforeskrifter.pdf,https://sv.wikipedia.org/wiki/Jaktradio,ok,https://pts.se/404,http://web.archive.org/web/20240421122459/https://www.pts.se/globalassets/startpage/dokument/legala-dokument/foreskrifter/radio/beslutade_ptsfs-2018-3-undantagsforeskrifter.pdf,available,
sv,FM-sändare,https://www.pts.se/globalassets/startpage/dokument/legala-dokument/foreskrifter/radio/ptsfs-2014_5-undantag-tillstandsplikt-rattad.pdf,https://sv.wikipedia.org/wiki/FM-sändare,ok,https://www.pts.se/404,http://web.archive.org/web/20220721122011/https://www.pts.se/globalassets/startpage/dokument/legala-dokument/foreskrifter/radio/ptsfs-2014_5-undantag-tillstandsplikt-rattad.pdf,available,
sv,Sms,https://statistik.pts.se/svensk-telekommarknad/tabeller/mobila-samtals-och-datatjanster/tabell-16-sms/,https://sv.wikipedia.org/wiki/Sms,ok,https://statistik.pts.se/svensk-telekommarknad/tabeller/mobila-samtals-och-datatjanster/tabell-16-sms/,,missing,
sv,Bit per sekund,https://pts.se/globalassets/startpage/dokument/icke-legala-dokument/rapporter/2015/telefoni/rapport-satellit-iptelefoni-a-focus-maj-2015.pdf,https://sv.wikipedia.org/wiki/Bit_per_sekund,ok,https://pts.se/404,http://web.archive.org/web/20220816094645/https://pts.se/globalassets/startpage/dokument/icke-legala-dokument/rapporter/2015/telefoni/rapport-satellit-iptelefoni-a-focus-maj-2015.pdf,available,
sv,Bit per sekund,https://www.pts.se/globalassets/startpage/dokument/icke-legala-dokument/rapporter/2020/telefoni/pts-er-2020-16.pdf,https://sv.wikipedia.org/wiki/Bit_per_sekund,ok,https://www.pts.se/404,http://web.archive.org/web/20220814003328/https://www.pts.se/globalassets/startpage/dokument/icke-legala-dokument/rapporter/2020/telefoni/pts-er-2020-16.pdf,available,
sv,Diskussion:David Thornell,https://nummer.pts.se/NbrSearch,https://sv.wikipedia.org/wiki/Diskussion:David_Thornell,ok,https://nummer.pts.se/NbrSearch,http://web.archive.org/web/20251209201332/https://nummer.pts.se/NbrSearch,available,
sv,Wikipedia:Projekt svenska kommuner/PSIdata Myndigheter,http://www.pts.se/psidata,https://sv.wikipedia.org/wiki/Wikipedia:Projekt_svenska_kommuner/PSIdata_Myndigheter,ok,https://www.pts.se:443/psidata,http://web.archive.org/web/20220928093052/https://www.pts.se/psidata,available,
sv,Sakernas internet,https://pts.se/sv/bransch/radio/5g/,https://sv.wikipedia.org/wiki/Sakernas_internet,ok,https://pts.se/sv/bransch/radio/5g/,http://web.archive.org/web/20240504134345/https://www.pts.se/sv/bransch/radio/5g/,available,
sv,Ledningskollen,https://www.pts.se/sv/bransch/internet/robust-kommunikation/atgarder/ledningskollen.se/,https://sv.wikipedia.org/wiki/Ledningskollen,ok,https://www.pts.se/sv/bransch/internet/robust-kommunikation/atgarder/ledningskollen.se/,http://web.archive.org/web/20210508050701/https://www.pts.se/sv/bransch/internet/robust-kommunikation/atgarder/ledningskollen.se/,available,
sv,Postnord,http://pts.se/,https://sv.wikipedia.org/wiki/Postnord,ok,https://pts.se:443/,,missing,
sv,IPv6,https://pts.se/sv/nyheter/internet/2021/svag-ipv6-utveckling-bland-sveriges-internetleverantorer,https://sv.wikipedia.org/wiki/IPv6,ok,https://pts.se/sv/nyheter/internet/2021/svag-ipv6-utveckling-bland-sveriges-internetleverantorer,http://web.archive.org/web/20220109073018/https://www.pts.se/sv/nyheter/internet/2021/svag-ipv6-utveckling-bland-sveriges-internetleverantorer/,available,
sv,Digital subscriber line,https://www.pts.se/globalassets/startpage/dokument/icke-legala-dokument/rapporter/2021/telefoni/rapport-stm1h-2021-dnr21-8762_t.pdf,https://sv.wikipedia.org/wiki/Digital_subscriber_line,ok,https://www.pts.se/404,,missing,
sv,3G,https://www.pts.se/Pts.se,https://sv.wikipedia.org/wiki/3G,ok,https://www.pts.se/Pts.se,http://web.archive.org/web/20240514072242/https://www.pts.se/Pts.se,available,
sv,GSM,https://www.pts.se/Pts.se,https://sv.wikipedia.org/wiki/GSM,ok,https://www.pts.se/Pts.se,http://web.archive.org/web/20240514072242/https://www.pts.se/Pts.se,available,
sv,3G,https://www.pts.se/sv/bransch/radio/auktioner/900--2100--och-2600-mhz-banden,https://sv.wikipedia.org/wiki/3G,ok,https://www.pts.se/sv/bransch/radio/auktioner/900--2100--och-2600-mhz-banden,,missing,
sv,GSM,https://www.pts.se/sv/bransch/radio/auktioner/900--2100--och-2600-mhz-banden/,https://sv.wikipedia.org/wiki/GSM,ok,https://www.pts.se/sv/bransch/radio/auktioner/900--2100--och-2600-mhz-banden/,http://web.archive.org/web/20240415170309/https://www.pts.se/sv/bransch/radio/auktioner/900--2100--och-2600-mhz-banden/,available,
sv,Användare:Carl Gronwall 5/sandlåda1,http://pts.se/,https://sv.wikipedia.org/wiki/Användare:Carl_Gronwall_5/sandlåda1,ok,https://pts.se:443/,,missing,
sv,Användare:Carl Gronwall 5/sandlådatele2,http://www.pts.se/sv/Nyheter/Pressmeddelanden/2000/UMTS-beslut/,https://sv.wikipedia.org/wiki/Användare:Carl_Gronwall_5/sandlådatele2,ok,https://www.pts.se:443/sv/Nyheter/Pressmeddelanden/2000/UMTS-beslut/,http://web.archive.org/web/20150515040220/http://pts.se/sv/Nyheter/Pressmeddelanden/2000/UMTS-beslut/,available,
sv,Användare:Carl Gronwall 5/sandlådatele2,http://www.pts.se/sv/Nyheter/Pressmeddelanden/2008/Spektrumauktionen-i-26-GHz-bandet-avslutad--totalt-varde-21-miljarder-kronor/,https://sv.wikipedia.org/wiki/Användare:Carl_Gronwall_5/sandlådatele2,ok,https://www.pts.se:443/sv/Nyheter/Pressmeddelanden/2008/Spektrumauktionen-i-26-GHz-bandet-avslutad--totalt-varde-21-miljarder-kronor/,http://web.archive.org/web/20160326154231/http://pts.se/sv/nyheter/pressmeddelanden/2008/spektrumauktionen-i-26-ghz-bandet-avslutad--totalt-varde-21-miljarder-kronor/,available,
sv,Post- och telestyrelsen,https://www.pts.se/sv/bransch/regler/pts-foreskrifter/,https://sv.wikipedia.org/wiki/Post-_och_telestyrelsen,ok,https://www.pts.se/sv/bransch/regler/pts-foreskrifter/,http://web.archive.org/web/20240424095243/https://www.pts.se/sv/bransch/regler/pts-foreskrifter/,available,
sv,Postoperatör,https://pts.se/sv/bransch/post/postoperatorer/,https://sv.wikipedia.org/wiki/Postoperatör,ok,https://pts.se/sv/bransch/post/postoperatorer/,http://web.archive.org/web/20240424092331/https://www.pts.se/sv/bransch/post/postoperatorer/,available,
sv,Diskussion:Sveriges Television/Arkiv 2003-2012,http://e-tjanster.pts.se/Frq,https://sv.wikipedia.org/wiki/Diskussion:Sveriges_Television/Arkiv_2003-2012,error,,http://web.archive.org/web/20100821015134/http://e-tjanster.pts.se:80/Frq/,available,"HTTPConnectionPool(host='e-tjanster.pts.se', port=80): Max retries exceeded with url: /Frq (Caused by NewConnectionError('<urllib3.connection.HTTPConnection object at 0x1316d2fc0>: Failed to establish a new connection: [Errno 8] nodename nor servname provided, or not known'))"
sv,Diskussion:Sveriges Television/Arkiv 2003-2012,http://www.pts.se/Upload/Documents/SE/frekvensplanen2005_4.PDF%7Cfrekvensplan,https://sv.wikipedia.org/wiki/Diskussion:Sveriges_Television/Arkiv_2003-2012,ok,https://www.pts.se:443/Upload/Documents/SE/frekvensplanen2005_4.PDF%7Cfrekvensplan,,missing,
sv,Diskussion:Sveriges Television/Arkiv 2003-2012,http://www.pts.se/upload/Foreskrifter/Upphavda/PTSFS-2004-03.pdf,https://sv.wikipedia.org/wiki/Diskussion:Sveriges_Television/Arkiv_2003-2012,ok,https://www.pts.se:443/404,http://web.archive.org/web/20160307151454/http://www.pts.se/upload/Foreskrifter/Upphavda/PTSFS-2004-03.pdf,available,
sv,Kontantkort (mobiltelefon),https://www.pts.se/sv/nyheter/telefoni/2022/anonyma-kontantkort-inte-tillatet-efter-1-augusti-2022/Pts.se,https://sv.wikipedia.org/wiki/Kontantkort_(mobiltelefon),ok,https://www.pts.se/sv/nyheter/telefoni/2022/anonyma-kontantkort-inte-tillatet-efter-1-augusti-2022/Pts.se,,missing,
sv,Förordningen om elektronisk identifiering och betrodda tjänster,https://pts.se/sv/bransch/internet/betrodda-tjanster/,https://sv.wikipedia.org/wiki/Förordningen_om_elektronisk_identifiering_och_betrodda_tjänster,ok,https://pts.se/sv/bransch/internet/betrodda-tjanster/,http://web.archive.org/web/20240306113704/https://pts.se/sv/bransch/internet/betrodda-tjanster/,available,
sv,Förordningen om elektronisk identifiering och betrodda tjänster,https://www.pts.se/sv/bransch/internet/betrodda-tjanster/fragor-och-svar-om-betrodda-tjanster/,https://sv.wikipedia.org/wiki/Förordningen_om_elektronisk_identifiering_och_betrodda_tjänster,ok,https://www.pts.se/sv/bransch/internet/betrodda-tjanster/fragor-och-svar-om-betrodda-tjanster/,http://web.archive.org/web/20240229223924/https://www.pts.se/sv/bransch/internet/betrodda-tjanster/fragor-och-svar-om-betrodda-tjanster/,available,
sv,Bredband,https://pts.se/sv/dokument/rapporter/telefoni/2022/svensk-telekommarknad-2021-pts-er-202222/,https://sv.wikipedia.org/wiki/Bredband,ok,https://pts.se/sv/dokument/rapporter/telefoni/2022/svensk-telekommarknad-2021-pts-er-202222/,,missing,
sv,Telekområdgivarna,https://pts.se/,https://sv.wikipedia.org/wiki/Telekområdgivarna,ok,https://pts.se/,http://web.archive.org/web/20260104135946/https://www.pts.se/,available,
sv,Sverige,http://www.statistik.pts.se/media/1315/svensk-telekommarknad-2017.pdf,https://sv.wikipedia.org/wiki/Sverige,error,,,missing,"HTTPConnectionPool(host='www.statistik.pts.se', port=80): Max retries exceeded with url: /media/1315/svensk-telekommarknad-2017.pdf (Caused by NewConnectionError('<urllib3.connection.HTTPConnection object at 0x1316d1220>: Failed to establish a new connection: [Errno 8] nodename nor servname provided, or not known'))"
sv,Sverige,http://www.statistik.pts.se/pts2012/Marknadsutvecklingabonnemang.htm,https://sv.wikipedia.org/wiki/Sverige,error,,http://web.archive.org/web/20160307055737/http://www.statistik.pts.se/pts2012/Marknadsutvecklingabonnemang.htm,available,"HTTPConnectionPool(host='www.statistik.pts.se', port=80): Max retries exceeded with url: /pts2012/Marknadsutvecklingabonnemang.htm (Caused by NewConnectionError('<urllib3.connection.HTTPConnection object at 0x1316d35c0>: Failed to establish a new connection: [Errno 8] nodename nor servname provided, or not known'))"
sv,Rörelsenedsättning,https://pts.se/globalassets/startpage/dokument/bransch/internet/marknadsoversikt-innovatorer/bilaga_statistiksammanstallning_rev_c_pts_marknadsoversikt_.pdf,https://sv.wikipedia.org/wiki/Rörelsenedsättning,ok,https://pts.se/404,,missing,
sv,Amatörradio,https://www.pts.se/globalassets/startpage/dokument/legala-dokument/beslut/2017/radio/delegationsbeslut-ssa/17-2758-04-bilaga-c-anvisningar-anropssignaler-amatorradio.pdf,https://sv.wikipedia.org/wiki/Amatörradio,ok,https://www.pts.se/404,http://web.archive.org/web/20201128160752/https://www.pts.se/globalassets/startpage/dokument/legala-dokument/beslut/2017/radio/delegationsbeslut-ssa/17-2758-04-bilaga-c-anvisningar-anropssignaler-amatorradio.pdf,available,
sv,Amatörradio,https://pts.se/globalassets/startpage/dokument/legala-dokument/foreskrifter/radio/ptsfs-2022-19-undantag-fran-tillstandsplikt-for-anvandning-av-vissa-radiosandare.pdf,https://sv.wikipedia.org/wiki/Amatörradio,ok,https://pts.se/404,http://web.archive.org/web/20250803111509/https://pts.se/globalassets/startpage/dokument/legala-dokument/foreskrifter/radio/ptsfs-2022-19-undantag-fran-tillstandsplikt-for-anvandning-av-vissa-radiosandare.pdf,available,
sv,Network Time Protocol,https://www.pts.se/,https://sv.wikipedia.org/wiki/Network_Time_Protocol,ok,https://www.pts.se/,http://web.archive.org/web/20260104135946/https://www.pts.se/,available,
sv,Jaktradio,http://www.pts.se/upload/Foreskrifter/Radio/PTSFS-2015_4-undantag.pdf,https://sv.wikipedia.org/wiki/Jaktradio,ok,https://www.pts.se:443/404,http://web.archive.org/web/20170516143642/http://www.pts.se:80/upload/Foreskrifter/Radio/PTSFS-2015_4-undantag.pdf,available,
sv,Kontantkort (mobiltelefon),https://www.pts.se/sv/privat/internet/integritet/brottsbekampning/forbetalda-kontantkort-ska-registreras/Pts.se,https://sv.wikipedia.org/wiki/Kontantkort_(mobiltelefon),ok,https://www.pts.se/sv/privat/internet/integritet/brottsbekampning/forbetalda-kontantkort-ska-registreras/Pts.se,http://web.archive.org/web/20240507162511/https://www.pts.se/sv/privat/internet/integritet/brottsbekampning/forbetalda-kontantkort-ska-registreras/Pts.se,available,
sv,ISM-banden,https://frekvensplanen.pts.se/,https://sv.wikipedia.org/wiki/ISM-banden,ok,https://frekvensplanen.pts.se/,http://web.archive.org/web/20250929103154/https://frekvensplanen.pts.se/,available,
sv,Television i Sverige,https://pts.se/contentassets/000582035be1474db12138b99eaaee96/svensk-telekommarknad-2023-dnr24-192_t.pdf,https://sv.wikipedia.org/wiki/Television_i_Sverige,ok,https://pts.se/contentassets/000582035be1474db12138b99eaaee96/svensk-telekommarknad-2023-dnr24-192_t.pdf,http://web.archive.org/web/20251123235236/https://pts.se/contentassets/000582035be1474db12138b99eaaee96/svensk-telekommarknad-2023-dnr24-192_t.pdf,available,
sv,Wikipedia:Projekt svenska kommuner/PSIdata Länstyrelser,http://www.pts.se/,https://sv.wikipedia.org/wiki/Wikipedia:Projekt_svenska_kommuner/PSIdata_Länstyrelser,ok,https://www.pts.se:443/,http://web.archive.org/web/20260104135946/https://www.pts.se/,available,
sv,Wikipedia:Projekt svenska kommuner/PSIdata Länstyrelser,http://www.pts.se/psidata,https://sv.wikipedia.org/wiki/Wikipedia:Projekt_svenska_kommuner/PSIdata_Länstyrelser,ok,https://www.pts.se:443/psidata,http://web.archive.org/web/20220928093052/https://www.pts.se/psidata,available,
sv,Spoofing,https://pts.se/internet-och-telefoni/sakerhet-och-skydd-av-uppgifter/telefonbedragerier/,https://sv.wikipedia.org/wiki/Spoofing,ok,https://pts.se/internet-och-telefoni/sakerhet-och-skydd-av-uppgifter/telefonbedragerier/,http://web.archive.org/web/20251119075901/https://pts.se/internet-och-telefoni/sakerhet-och-skydd-av-uppgifter/telefonbedragerier/,available,
sv,Telefon,https://www.pts.se/sv/privat/telefoni/fast-telefoni/forandringar-i-tele--och-bredbandsnaten,https://sv.wikipedia.org/wiki/Telefon,ok,https://www.pts.se/sv/privat/telefoni/fast-telefoni/forandringar-i-tele--och-bredbandsnaten,http://web.archive.org/web/20240429144917/https://www.pts.se/sv/Privat/Telefoni/Fast-telefoni/Forandringar-i-tele--och-bredbandsnaten/,available,
sv,Lista över svenska riktnummer,https://www.pts.se/globalassets/globala-block/nummertillstand/the-swedish-numbering-plan-for-telephony-according-to-itu---2024-01-08.pdf,https://sv.wikipedia.org/wiki/Lista_över_svenska_riktnummer,ok,https://www.pts.se/globalassets/globala-block/nummertillstand/the-swedish-numbering-plan-for-telephony-according-to-itu---2024-01-08.pdf,http://web.archive.org/web/20250620105820/https://pts.se/globalassets/globala-block/nummertillstand/the-swedish-numbering-plan-for-telephony-according-to-itu---2024-01-08.pdf,available,
sv,Seko,https://www.pts.se/globalassets/startpage/dokument/icke-legala-dokument/rapporter/2018/post/svensk-postmarknad-2018-pts-er-2018-10.pdf,https://sv.wikipedia.org/wiki/Seko,ok,https://www.pts.se/404,http://web.archive.org/web/20240423012926/https://www.pts.se/globalassets/startpage/dokument/icke-legala-dokument/rapporter/2018/post/svensk-postmarknad-2018-pts-er-2018-10.pdf,available,
sv,Post- och telestyrelsen,https://pts.se/sakerhet-och-integritet/totalforsvar-och-krisberedskap/,https://sv.wikipedia.org/wiki/Post-_och_telestyrelsen,ok,https://pts.se/sakerhet-och-integritet/totalforsvar-och-krisberedskap/,http://web.archive.org/web/20251014103317/https://pts.se/sakerhet-och-integritet/totalforsvar-och-krisberedskap/,available,
sv,Bedrägeri,https://pts.se/internet-och-telefoni/sakerhet-och-skydd-av-uppgifter/telefonbedragerier/,https://sv.wikipedia.org/wiki/Bedrägeri,ok,https://pts.se/internet-och-telefoni/sakerhet-och-skydd-av-uppgifter/telefonbedragerier/,http://web.archive.org/web/20251119075901/https://pts.se/internet-och-telefoni/sakerhet-och-skydd-av-uppgifter/telefonbedragerier/,available,
sv,Anropssignal,https://pts.se/sok/?q=anropssignal,https://sv.wikipedia.org/wiki/Anropssignal,ok,https://pts.se/sok/?q=anropssignal,,missing,
sv,Tillgänglighet för personer med funktionsnedsättning,https://pts.se/digital-inkludering/lagen-om-vissa-produkters-och-tjansters-tillganglighet/PTS%20%C3%A4r%20marknadskontroll-%20och%20en%20av%20flera%20tillsynsmyndigheter%20f%C3%B6r%20lagen%20om%20vissa%20produkters%20och%20tj%C3%A4nsters%20tillg%C3%A4nglighet%20som%20tr%C3%A4der%20i%20kraft%2028%20juni%202025.,https://sv.wikipedia.org/wiki/Tillgänglighet_för_personer_med_funktionsnedsättning,ok,https://pts.se/digital-inkludering/lagen-om-vissa-produkters-och-tjansters-tillganglighet/PTS%20%C3%A4r%20marknadskontroll-%20och%20en%20av%20flera%20tillsynsmyndigheter%20f%C3%B6r%20lagen%20om%20vissa%20produkters%20och%20tj%C3%A4nsters%20tillg%C3%A4nglighet%20som%20tr%C3%A4der%20i%20kraft%2028%20juni%202025.,,missing,
sv,Tillgänglighet för personer med funktionsnedsättning,https://pts.se/digital-inkludering/lagen-om-vissa-produkters-och-tjansters-tillganglighet/PTS%20%C3%A4r%20marknadskontroll-%20och%20en%20av%20flera%20tillsynsmyndigheter%20f%C3%B6r%20lagen%20om%20vissa%20produkters%20och%20tj%C3%A4nsters%20tillg%C3%A4nglighet%20som%20tr%C3%A4der%20i%20kraft%2028%20juni%202025,https://sv.wikipedia.org/wiki/Tillgänglighet_för_personer_med_funktionsnedsättning,ok,https://pts.se/digital-inkludering/lagen-om-vissa-produkters-och-tjansters-tillganglighet/PTS%20%C3%A4r%20marknadskontroll-%20och%20en%20av%20flera%20tillsynsmyndigheter%20f%C3%B6r%20lagen%20om%20vissa%20produkters%20och%20tj%C3%A4nsters%20tillg%C3%A4nglighet%20som%20tr%C3%A4der%20i%20kraft%2028%20juni%202025,,missing,
sv,Användare:Ms Brave/sandlåda/omställning,https://pts.se/nyheter-och-pressmeddelanden/rapporten-ansvarsfull-digital-omstallning/,https://sv.wikipedia.org/wiki/Användare:Ms_Brave/sandlåda/omställning,ok,https://pts.se/nyheter-och-pressmeddelanden/rapporten-ansvarsfull-digital-omstallning/,,missing,
sv,Omställning,https://pts.se/nyheter-och-pressmeddelanden/rapporten-ansvarsfull-digital-omstallning/,https://sv.wikipedia.org/wiki/Omställning,ok,https://pts.se/nyheter-och-pressmeddelanden/rapporten-ansvarsfull-digital-omstallning/,,missing,
sv,Diskussion:Dataskyddsförordningen,https://pts.se/internet-och-telefoni/kakor-cookies/,https://sv.wikipedia.org/wiki/Diskussion:Dataskyddsförordningen,ok,https://pts.se/internet-och-telefoni/kakor-cookies/,http://web.archive.org/web/20251224051415/https://www.pts.se/internet-och-telefoni/kakor-cookies/,available,
sv,Postnummer i Sverige,https://pts.se/post/postnummer/,https://sv.wikipedia.org/wiki/Postnummer_i_Sverige,ok,https://pts.se/post/postnummer/,http://web.archive.org/web/20251219061639/https://pts.se/post/postnummer/,available,
vi,Chữ ký số,http://www.pts.se/Archive/Documents/SE/engelsk%20oversattning%20av%20lag%20elektroniska%20signaturer.pdf,https://vi.wikipedia.org/wiki/Chữ_ký_số,ok,https://www.pts.se:443/404,http://web.archive.org/web/20070629113256/http://www.pts.se/Archive/Documents/SE/engelsk%20oversattning%20av%20lag%20elektroniska%20signaturer.pdf,available,
zh,瑞典郵區編號,http://www.pts.se/sv/Post/Fragor-och-svar/Postnummer/Postnummer-och-postorter/,https://zh.wikipedia.org/wiki/瑞典郵區編號,ok,https://www.pts.se:443/sv/Post/Fragor-och-svar/Postnummer/Postnummer-och-postorter/,http://web.archive.org/web/20130610072035/http://www.pts.se:80/sv/post/fragor-och-svar/postnummer/postnummer-och-postorter/,available,
zh,移动设备网络代码,http://www.pts.se/upload/ovrigt/tele/tekniska%20planer/plan_mnc.pdf,https://zh.wikipedia.org/wiki/移动设备网络代码,ok,https://www.pts.se:443/404,http://web.archive.org/web/20170710013903/http://pts.se/upload/Ovrigt/Tele/Tekniska%20planer/Plan_MNC.pdf,available,
zh,瑞典郵區編號,http://www.pts.se/sv/Post/Fragor-och-svar/Postnummer/Vad-anvands-postnummer-till/,https://zh.wikipedia.org/wiki/瑞典郵區編號,ok,https://www.pts.se:443/sv/Post/Fragor-och-svar/Postnummer/Vad-anvands-postnummer-till/,http://web.archive.org/web/20130306113303/http://www.pts.se:80/sv/Post/Fragor-och-svar/Postnummer/Vad-anvands-postnummer-till/,available,
